,0,1,2,3,4,5,6,7,8,9,10,11,12,13,14,15,16,17,18,19,20,21,22,23,24,25,26,27,28,29,30,31,32,33,34,35,36,37,38,39,40,41,42,43,44,45,46,47,48,49,50,51,52,53,54,55,56,57,58,59,60,61,62,63,64,65,66,67,68,69,70,71,72,73,74,75,76,77,78,79,80,81,82,83,84,85,86,87,88,89,90,91,92,93,94,95,96,97,98,99
0,0,0,0,0,0,0,0,0,0,0,0,0,0,0,0,0,0,0,0,0,0,0,0,0,0,0,0,0,0,0,0,43,46,122,127,130,133,135,135,135,135,133,131,130,128,123,117,43,41,38,0,0,0,0,0,0,0,0,0,0,0,0,0,0,0,0,0,0,0,0,0,0,0,0,0,0,0,0,0,0,0,0,0,0,0,0,0,0,0,0,0,0,0,0,0,0,0,0,0,0
1,0,0,0,0,0,0,0,0,0,0,0,0,0,0,0,0,0,0,0,0,0,0,0,0,0,0,0,7,33,122,132,141,142,142,142,142,142,142,142,142,142,142,142,142,141,141,141,141,136,127,118,91,7,2,0,0,0,0,0,0,0,0,0,0,0,0,0,0,0,0,0,0,0,0,0,0,0,0,0,0,0,0,0,0,0,0,0,0,0,0,0,0,0,0,0,0,0,0,0,0
2,0,0,0,0,0,0,0,0,0,0,0,0,0,0,0,0,0,0,0,0,0,0,0,0,0,0,95,132,138,140,140,140,140,140,140,140,140,140,140,141,140,140,140,140,140,140,140,140,140,141,140,138,129,98,42,0,0,0,0,0,0,0,0,0,0,0,0,0,0,0,0,0,0,0,0,0,0,0,0,0,0,0,0,0,0,0,0,0,0,0,0,0,0,0,0,0,0,0,0,0
3,0,0,0,0,0,0,0,0,0,0,0,0,0,0,0,0,0,0,0,0,0,0,0,19,67,132,138,139,139,139,139,139,139,139,140,140,140,140,140,140,140,139,139,139,139,139,140,140,140,140,140,140,140,140,131,105,49,0,0,0,0,0,0,0,0,0,0,0,0,0,0,0,0,0,0,0,0,0,0,0,0,0,0,0,0,0,0,0,0,0,0,0,0,0,0,0,0,0,0,0
4,0,0,0,0,0,0,0,0,0,0,0,0,0,0,0,0,0,0,0,0,0,16,75,131,138,138,138,138,138,138,138,138,138,138,138,138,138,138,138,138,138,138,138,138,138,138,138,138,138,138,139,139,139,138,138,138,130,114,19,0,0,0,0,0,0,0,0,0,0,0,0,0,0,0,0,0,0,0,0,0,0,0,0,0,0,0,0,0,0,0,0,0,0,0,0,0,0,0,0,0
5,0,0,0,0,0,0,0,0,0,0,0,0,0,0,0,0,0,0,0,0,93,119,135,136,136,136,136,136,136,136,136,136,136,136,136,136,136,136,136,136,136,136,136,136,136,136,137,137,137,137,137,137,137,137,137,137,137,136,121,57,0,0,0,0,0,0,0,0,0,0,0,0,0,0,0,0,0,0,0,0,0,0,0,0,0,0,0,0,0,0,0,0,0,0,0,0,0,0,0,0
6,0,0,0,0,0,0,0,0,0,0,0,0,0,0,0,0,0,0,0,77,129,135,135,135,135,135,135,135,135,135,135,135,135,135,135,135,135,135,135,135,135,135,135,135,135,135,135,135,135,135,135,135,135,135,136,136,136,136,136,127,102,2,0,0,0,0,0,0,0,0,0,0,0,0,0,0,0,0,0,0,0,0,0,0,0,0,0,0,0,0,0,0,0,0,0,0,0,0,0,0
7,0,0,0,0,0,0,0,0,0,0,0,0,0,0,0,0,0,20,113,129,134,134,134,134,134,134,134,134,134,134,134,134,134,134,134,134,134,134,134,134,134,134,134,134,134,134,134,134,134,134,134,134,134,135,135,135,135,135,136,136,131,115,48,0,0,0,0,0,0,0,0,0,0,0,0,0,0,0,0,0,0,0,0,0,0,0,0,0,0,0,0,0,0,0,0,0,0,0,0,0
8,0,0,0,0,0,0,0,0,0,0,0,0,0,0,0,0,1,112,133,133,133,133,133,133,133,133,133,133,132,133,133,133,133,132,132,132,132,132,132,132,132,132,132,132,132,132,132,132,132,132,133,133,133,133,133,134,134,134,135,135,135,134,119,49,0,0,0,0,0,0,0,0,0,0,0,0,0,0,0,0,0,0,0,0,0,0,0,0,0,0,0,0,0,0,0,0,0,0,0,0
9,0,0,0,0,0,0,0,0,0,0,0,0,0,0,0,7,108,130,131,131,131,131,131,131,131,131,131,131,131,131,131,131,131,131,131,131,131,131,131,131,131,131,131,131,131,131,131,131,131,131,131,131,131,132,132,132,133,133,133,134,134,134,134,122,74,0,0,0,0,0,0,0,0,0,0,0,0,0,0,0,0,0,0,0,0,0,0,0,0,0,0,0,0,0,0,0,0,0,0,0
10,0,0,0,0,0,0,0,0,0,0,0,0,0,0,13,111,130,130,130,130,130,130,130,130,130,130,130,130,129,129,129,129,129,129,129,129,129,129,129,129,129,129,129,129,129,129,129,130,130,130,130,130,130,130,130,131,132,132,132,132,133,133,134,134,125,98,5,0,0,0,0,0,0,0,0,0,0,0,0,0,0,0,0,0,0,0,0,0,0,0,0,0,0,0,0,0,0,0,0,0
11,0,0,0,0,0,0,0,0,0,0,0,0,0,0,45,128,130,129,129,129,129,129,129,129,129,129,129,129,129,129,129,129,129,128,128,128,128,128,129,129,129,129,129,129,129,129,129,129,129,129,129,129,129,129,130,130,130,131,131,131,132,132,133,133,134,128,104,4,0,0,0,0,0,0,0,0,0,0,0,0,0,0,0,0,0,0,0,0,0,0,0,0,0,0,0,0,0,0,0,0
12,0,0,0,0,0,0,0,0,0,0,0,0,0,47,122,129,128,128,128,128,128,128,128,128,127,127,127,127,127,127,127,127,127,127,127,127,127,127,127,127,127,127,127,127,127,127,127,127,127,127,127,128,128,128,128,129,129,129,130,130,130,131,131,132,132,133,127,95,0,0,0,0,0,0,0,0,0,0,0,0,0,0,0,0,0,0,0,0,0,0,0,0,0,0,0,0,0,0,0,0
13,0,0,0,0,0,0,0,0,0,0,0,0,0,116,128,127,127,127,127,127,126,126,126,126,126,126,126,125,125,125,125,125,125,125,125,125,125,125,125,126,126,126,126,126,126,126,126,126,126,126,126,126,126,127,127,127,127,128,128,129,129,129,130,130,131,131,132,126,87,0,0,0,0,0,0,0,0,0,0,0,0,0,0,0,0,0,0,0,0,0,0,0,0,0,0,0,0,0,0,0
14,0,0,0,0,0,0,0,0,0,0,0,0,91,127,127,127,126,126,126,126,126,125,125,125,125,125,125,125,125,125,125,125,124,124,124,124,124,125,125,125,125,125,125,125,125,125,125,125,125,125,125,125,126,126,126,126,127,127,127,128,128,129,129,129,130,131,131,131,125,87,0,0,0,0,0,0,0,0,0,0,0,0,0,0,0,0,0,0,0,0,0,0,0,0,0,0,0,0,0,0
15,0,0,0,0,0,0,0,0,0,0,0,0,123,126,126,125,125,125,125,124,124,124,124,124,123,123,123,123,123,123,123,123,123,123,123,123,123,123,123,123,123,124,124,124,124,124,123,123,124,124,124,124,124,125,125,125,125,126,126,126,127,127,128,128,128,129,130,130,130,125,91,0,0,0,0,0,0,0,0,0,0,0,0,0,0,0,0,0,0,0,0,0,0,0,0,0,0,0,0,0
16,0,0,0,0,0,0,0,0,0,0,13,117,125,124,124,124,124,123,123,123,122,122,122,122,122,122,122,122,121,121,121,121,121,121,121,121,121,121,122,122,122,122,122,122,122,122,122,122,122,122,122,123,123,123,123,124,124,124,125,125,125,126,126,127,127,127,128,129,129,129,123,72,0,0,0,0,0,0,0,0,0,0,0,0,0,0,0,0,0,0,0,0,0,0,0,0,0,0,0,0
17,0,0,0,0,0,0,0,0,0,0,52,123,124,124,123,123,122,122,122,122,122,121,121,121,121,121,121,121,121,121,121,120,120,120,120,120,121,121,121,121,121,121,122,122,122,121,121,121,121,121,122,122,122,122,122,122,123,123,124,124,124,124,125,126,126,126,126,127,128,128,128,119,62,0,0,0,0,0,0,0,0,0,0,0,0,0,0,0,0,0,0,0,0,0,0,0,0,0,0,0
18,0,0,0,0,0,0,0,0,0,3,114,123,123,122,122,122,121,121,121,121,120,120,120,120,120,119,119,119,119,119,119,119,119,119,119,119,119,119,119,120,120,120,120,120,120,120,120,120,120,120,120,120,121,121,121,121,122,122,122,123,123,124,124,124,125,125,125,126,126,127,128,128,116,60,0,0,0,0,0,0,0,0,0,0,0,0,0,0,0,0,0,0,0,0,0,0,0,0,0,0
19,0,0,0,0,0,0,0,0,0,44,122,121,121,121,121,120,120,120,119,119,119,118,118,118,118,118,118,118,118,117,117,117,117,117,117,117,117,118,118,118,118,119,119,119,118,118,118,118,118,118,119,119,119,119,120,120,120,121,121,121,122,122,123,123,123,124,124,124,125,125,126,126,126,104,0,0,0,0,0,0,0,0,0,0,0,0,0,0,0,0,0,0,0,0,0,0,0,0,0,0
20,0,0,0,0,0,0,0,0,0,109,120,120,120,120,119,119,119,118,118,118,117,117,117,117,116,116,116,116,116,116,116,116,116,116,116,116,116,116,116,117,117,117,117,117,117,117,117,117,117,117,117,118,118,118,118,119,119,119,120,120,120,121,121,122,122,122,122,123,123,124,124,125,126,123,96,5,0,0,0,0,0,0,0,0,0,0,0,0,0,0,0,0,0,0,0,0,0,0,0,0
21,0,0,0,0,0,0,0,0,12,120,120,119,119,119,118,118,118,117,117,117,117,116,116,116,116,116,115,115,115,115,115,115,115,115,115,115,115,115,116,116,116,116,116,116,116,116,116,116,116,116,117,117,117,117,117,118,118,118,119,119,120,120,120,121,121,121,122,122,122,123,123,124,124,125,121,91,0,0,0,0,0,0,0,0,0,0,0,0,0,0,0,0,0,0,0,0,0,0,0,0
22,0,0,0,0,0,0,0,0,73,118,118,118,118,117,117,117,116,116,116,116,115,115,115,114,114,114,114,114,114,114,114,113,113,113,113,114,114,114,114,114,115,115,115,115,115,115,115,115,115,115,115,115,116,116,116,116,117,117,117,118,118,118,119,119,119,120,120,120,121,121,122,123,123,124,124,113,27,0,0,0,0,0,0,0,0,0,0,0,0,0,0,0,0,0,0,0,0,0,0,0
23,0,0,0,0,0,0,0,0,97,117,117,117,116,116,116,115,115,115,114,114,114,113,113,113,113,113,113,112,112,112,112,112,112,112,112,112,112,112,113,113,113,113,113,114,114,114,114,114,114,114,114,114,114,114,115,115,115,115,116,116,117,117,117,118,118,118,119,119,119,120,120,121,122,122,123,122,77,0,0,0,0,0,0,0,0,0,0,0,0,0,0,0,0,0,0,0,0,0,0,0
24,0,0,0,0,0,0,0,24,116,117,116,116,115,114,114,114,114,114,114,113,113,113,112,112,112,112,112,112,111,111,111,111,111,111,111,111,112,112,112,112,112,113,113,113,113,113,113,113,113,113,113,113,114,114,114,114,114,114,114,115,116,116,116,117,117,117,118,118,118,118,119,120,120,121,122,122,116,51,0,0,0,0,0,0,0,0,0,0,0,0,0,0,0,0,0,0,0,0,0,0
25,0,0,0,0,0,0,0,88,116,115,115,115,114,114,113,113,113,113,112,112,112,111,111,111,111,111,110,110,110,110,110,110,110,110,110,110,110,110,110,111,111,111,111,111,111,111,112,112,112,112,112,112,112,112,112,113,113,113,114,114,114,115,115,115,115,116,116,117,117,117,118,118,119,119,120,121,121,107,1,0,0,0,0,0,0,0,0,0,0,0,0,0,0,0,0,0,0,0,0,0
26,0,0,0,0,0,0,5,106,114,114,114,113,113,112,112,112,112,111,111,111,110,110,110,110,109,109,109,109,109,109,109,109,108,108,109,109,109,109,109,109,109,109,110,110,110,110,110,110,110,111,111,111,111,111,111,111,112,112,112,112,113,113,113,114,114,114,115,115,115,116,116,117,117,118,119,119,119,118,73,0,0,0,0,0,0,0,0,0,0,0,0,0,0,0,0,0,0,0,0,0
27,0,0,0,0,0,0,7,112,113,113,113,113,111,111,111,110,110,110,110,109,109,109,109,109,109,109,108,108,107,107,107,107,107,107,107,107,107,108,108,108,109,109,109,109,109,109,109,109,109,109,109,109,109,110,110,110,110,111,111,111,111,112,113,113,113,113,113,113,114,114,114,115,116,117,117,117,118,118,110,35,0,0,0,0,0,0,0,0,0,0,0,0,0,0,0,0,0,0,0,0
28,0,0,0,0,0,0,92,113,112,112,112,111,111,110,110,110,109,109,109,109,108,108,108,108,108,107,107,107,107,107,107,107,106,106,107,107,107,107,107,107,107,107,108,108,108,108,108,108,108,108,108,109,109,109,109,109,110,110,110,110,111,111,111,111,112,112,112,113,113,113,114,114,115,115,116,117,117,117,118,96,3,0,0,0,0,0,0,0,0,0,0,0,0,0,0,0,0,0,0,0
29,0,0,0,0,0,0,107,111,111,111,110,110,109,109,109,108,108,108,108,107,107,107,107,107,106,106,106,106,106,105,105,105,105,105,105,105,105,105,106,106,106,106,106,106,106,106,106,107,107,107,107,107,107,108,108,108,108,108,109,109,109,110,110,110,110,111,111,111,112,112,112,113,113,114,115,115,116,116,117,114,20,0,0,0,0,0,0,0,0,0,0,0,0,0,0,0,0,0,0,0
30,0,0,0,0,0,25,110,110,110,109,109,109,108,108,108,107,107,107,106,106,106,106,106,105,105,105,105,104,104,104,104,104,104,104,104,104,104,104,104,104,104,104,105,105,105,105,105,105,105,105,106,106,106,106,106,107,107,107,107,108,108,108,108,109,109,109,110,110,110,111,111,111,112,112,113,114,115,115,116,116,100,0,0,0,0,0,0,0,0,0,0,0,0,0,0,0,0,0,0,0
31,0,0,0,0,0,46,109,109,109,109,108,108,108,107,107,107,106,106,106,106,105,105,105,105,104,104,104,104,104,103,103,103,103,103,102,103,103,103,103,104,104,104,104,104,104,104,104,104,105,105,105,105,105,105,106,106,106,106,106,107,107,107,108,108,108,109,109,109,110,110,110,110,111,112,112,113,114,114,115,116,113,53,0,0,0,0,0,0,0,0,0,0,0,0,0,0,0,0,0,0
32,0,0,0,0,0,91,108,108,108,107,107,107,106,106,106,105,105,105,104,104,104,104,104,103,103,103,103,102,102,102,102,102,102,102,102,102,102,102,102,102,102,102,103,103,103,103,103,103,103,103,103,104,104,104,104,104,105,105,105,105,106,106,106,107,107,107,108,108,108,109,109,109,110,110,111,112,112,113,114,114,115,101,0,0,0,0,0,0,0,0,0,0,0,0,0,0,0,0,0,0
33,0,0,0,0,0,100,107,107,106,106,106,105,105,105,105,104,104,104,103,103,103,103,102,102,102,102,101,101,101,101,101,101,101,101,101,101,101,101,101,101,101,101,101,101,102,102,102,102,102,102,102,102,103,103,103,103,103,104,104,104,105,105,105,105,106,106,106,107,107,107,108,108,109,109,110,110,111,112,112,113,114,112,59,0,0,0,0,0,0,0,0,0,0,0,0,0,0,0,0,0
34,0,0,0,0,41,106,105,105,105,105,105,105,104,104,103,103,103,102,102,102,102,102,102,102,101,101,100,100,100,100,100,100,100,100,100,100,100,100,100,100,100,100,100,100,100,100,100,100,101,101,102,102,102,102,102,102,102,103,103,103,103,104,104,105,105,105,105,106,106,107,107,107,108,109,109,109,110,111,111,112,113,113,103,0,0,0,0,0,0,0,0,0,0,0,0,0,0,0,0,0
35,0,0,0,0,46,105,105,105,105,104,104,104,103,103,103,102,102,102,101,101,101,101,101,100,100,100,100,100,99,99,99,99,99,99,99,99,99,99,99,99,99,99,100,100,100,100,100,100,100,100,100,101,101,101,101,101,102,102,102,102,103,103,103,103,104,104,105,105,105,106,106,107,107,107,108,109,109,110,110,111,111,112,111,76,0,0,0,0,0,0,0,0,0,0,0,0,0,0,0,0
36,0,0,0,0,83,104,104,103,103,103,103,102,102,102,101,101,101,100,100,100,100,100,99,99,99,99,99,98,98,98,98,98,97,97,98,98,98,98,98,98,98,98,98,98,98,98,98,98,99,99,99,99,100,100,100,100,100,101,101,101,102,102,102,103,103,103,103,104,104,104,105,105,106,106,107,107,108,109,109,110,110,110,111,102,6,0,0,0,0,0,0,0,0,0,0,0,0,0,0,0
37,0,0,0,0,94,103,103,103,103,102,102,102,101,101,101,100,100,100,100,99,99,99,99,99,98,98,98,98,98,97,97,97,97,97,97,97,97,97,98,98,98,98,98,98,98,98,98,98,98,98,99,99,99,99,99,100,100,100,100,101,101,101,101,102,102,103,103,103,103,104,104,105,105,106,106,106,107,108,108,109,109,110,110,109,49,0,0,0,0,0,0,0,0,0,0,0,0,0,0,0
38,0,0,0,11,102,102,102,102,102,101,101,101,100,100,99,99,99,99,98,98,98,98,98,98,97,97,97,97,97,96,96,96,96,96,96,96,96,96,96,96,97,97,97,97,97,97,97,97,97,97,97,98,98,98,98,98,99,99,99,99,100,100,100,101,101,101,102,102,102,103,103,104,104,104,105,105,106,106,107,108,108,109,109,110,104,6,0,0,0,0,0,0,0,0,0,0,0,0,0,0
39,0,0,0,58,101,101,101,101,100,100,100,99,99,99,98,98,98,98,97,97,97,97,97,96,96,96,96,96,96,95,95,95,95,95,95,95,95,95,95,95,96,96,96,96,96,96,96,96,96,96,96,96,96,97,97,97,97,98,98,98,99,99,99,99,100,100,101,101,101,102,102,102,103,103,103,104,105,105,106,106,107,108,108,109,109,75,0,0,0,0,0,0,0,0,0,0,0,0,0,0
40,0,0,0,69,100,100,100,100,99,99,99,98,98,97,97,97,97,96,96,96,96,96,95,95,95,95,95,95,94,94,94,94,94,94,94,94,94,94,94,94,94,94,94,94,94,94,94,94,95,95,95,95,95,96,96,96,96,97,97,97,97,98,98,98,99,99,99,100,100,101,101,101,102,102,102,103,103,104,104,105,106,107,107,108,108,96,0,0,0,0,0,0,0,0,0,0,0,0,0,0
41,0,0,0,73,100,100,100,99,99,98,98,97,97,97,97,96,96,96,96,95,95,95,94,94,94,94,94,94,94,94,94,93,93,93,93,93,93,93,94,94,94,94,94,94,94,94,94,94,94,94,94,94,94,94,95,95,96,96,96,96,97,97,97,97,98,98,99,99,100,100,100,101,101,101,101,102,102,103,104,104,104,106,106,107,107,106,46,0,0,0,0,0,0,0,0,0,0,0,0,0
42,0,0,0,93,99,99,99,98,98,97,97,96,96,96,96,95,95,95,95,95,94,94,94,94,93,93,93,93,93,93,92,92,92,92,92,92,92,92,93,93,93,93,93,93,93,93,93,93,93,93,93,93,94,94,94,94,95,95,95,95,96,96,96,96,97,97,98,98,98,99,99,100,100,100,100,101,102,102,103,103,104,104,105,105,106,107,92,0,0,0,0,0,0,0,0,0,0,0,0,0
43,0,0,0,97,98,98,97,97,97,96,96,95,95,95,94,94,94,94,94,94,93,93,93,93,92,92,92,92,92,92,91,91,91,91,91,91,91,91,92,92,92,92,92,92,92,92,92,92,92,92,92,92,92,93,93,93,93,94,94,94,95,95,95,95,96,96,96,97,97,98,98,98,98,99,99,100,100,101,101,102,102,103,103,104,105,105,102,42,0,0,0,0,0,0,0,0,0,0,0,0
44,0,0,0,97,97,97,96,96,96,96,95,95,94,94,94,94,93,93,93,92,92,92,92,92,91,91,91,91,91,90,90,90,90,90,90,90,90,91,91,91,91,91,91,91,91,91,91,91,91,91,91,91,91,92,92,92,92,93,93,94,94,94,94,94,95,95,95,96,96,96,97,97,97,98,99,99,99,100,100,101,101,102,102,103,104,104,104,77,0,0,0,0,0,0,0,0,0,0,0,0
45,0,0,10,96,96,96,96,96,95,95,95,94,94,93,93,93,92,92,92,92,92,92,91,91,91,91,90,90,90,90,90,90,90,90,90,90,90,90,90,90,90,90,90,90,90,90,90,90,90,90,91,91,91,91,91,91,92,92,92,93,93,93,94,94,94,95,95,95,96,96,96,96,97,97,98,98,99,99,100,100,101,101,102,102,103,104,104,97,0,0,0,0,0,0,0,0,0,0,0,0
46,0,0,73,95,95,95,95,95,94,94,94,93,93,93,92,92,91,91,91,91,91,91,91,90,90,90,89,89,89,89,89,89,89,89,89,89,89,89,89,89,89,89,89,89,89,89,89,89,89,90,90,90,90,90,90,90,91,91,91,91,92,92,93,93,93,94,94,94,94,95,95,96,96,96,97,97,97,98,98,99,100,100,100,101,102,102,103,103,63,0,0,0,0,0,0,0,0,0,0,0
47,0,0,90,94,94,94,94,94,93,93,93,92,92,92,91,91,91,90,90,90,90,90,89,89,89,89,89,88,88,88,88,88,88,88,88,88,88,88,88,88,88,88,88,88,88,88,88,88,88,89,89,89,89,89,89,89,90,90,90,91,91,91,92,92,92,92,93,93,93,94,94,95,95,95,96,96,97,97,97,98,98,99,100,100,101,101,102,102,92,8,0,0,0,0,0,0,0,0,0,0
48,0,0,89,94,94,93,93,93,93,92,92,92,91,91,91,90,90,90,90,90,90,89,89,89,89,88,88,88,88,88,88,88,88,87,87,87,88,88,88,88,88,88,88,88,88,88,88,88,88,88,88,88,88,88,88,89,89,89,90,90,90,91,91,91,91,92,92,92,93,93,94,94,94,95,95,95,96,96,97,97,98,98,99,99,100,100,101,102,101,16,0,0,0,0,0,0,0,0,0,0
49,0,0,87,93,93,92,92,92,92,92,91,91,91,90,90,90,89,89,89,89,89,88,88,88,88,88,87,87,87,87,87,87,87,87,86,86,87,87,87,87,87,87,87,87,87,87,87,87,87,87,87,87,87,87,88,88,88,88,89,89,89,90,90,90,90,91,91,92,92,92,93,93,93,94,94,95,95,95,96,96,97,97,98,98,99,99,100,100,101,77,0,0,0,0,0,0,0,0,0,0
50,0,13,90,92,92,91,91,91,91,91,90,90,90,89,89,89,88,88,88,88,88,87,87,87,87,87,87,86,86,86,86,86,86,86,86,86,86,86,86,86,86,86,86,86,86,86,86,86,86,86,86,86,86,86,87,87,87,87,88,88,88,89,89,89,89,90,90,91,91,91,92,92,92,93,93,94,94,95,95,95,96,96,97,97,98,98,99,99,100,94,0,0,0,0,0,0,0,0,0,0
51,0,15,91,91,91,90,90,90,90,90,90,89,89,89,88,88,88,87,87,87,87,87,87,87,86,86,86,86,85,85,85,85,85,85,85,85,85,85,85,85,85,85,85,85,85,85,85,85,85,85,85,85,85,85,86,86,86,87,87,87,87,88,88,88,89,89,89,90,90,90,91,91,92,92,93,93,94,94,94,94,95,96,96,97,97,97,98,99,99,99,32,0,0,0,0,0,0,0,0,0
52,0,15,91,90,90,90,90,89,89,89,89,88,88,88,88,88,87,87,87,87,86,86,86,86,86,85,85,85,85,85,85,85,85,85,85,85,85,85,85,85,85,85,85,85,85,85,85,85,85,85,85,85,85,85,85,85,86,86,86,86,87,87,87,88,88,88,89,89,89,90,90,91,91,91,92,92,93,93,93,94,94,95,95,96,96,97,97,98,98,99,79,0,0,0,0,0,0,0,0,0
53,0,15,90,89,89,89,88,88,88,88,88,87,87,87,87,87,86,86,86,86,86,86,85,85,85,85,84,84,84,84,84,84,84,84,84,84,84,84,84,84,84,84,84,84,84,84,84,84,84,84,84,84,84,84,84,84,85,85,85,85,86,86,86,87,87,87,88,88,88,89,89,90,90,90,91,91,92,92,93,93,94,94,95,95,96,96,97,97,97,97,93,0,0,0,0,0,0,0,0,0
54,0,15,89,88,88,88,87,87,87,87,87,86,86,86,86,86,86,85,85,85,85,85,85,84,84,84,84,83,83,83,83,83,83,83,83,83,83,83,83,83,83,83,83,83,83,83,83,83,83,83,83,83,83,83,83,83,84,84,84,85,85,85,85,86,86,87,87,87,88,88,88,89,89,90,90,90,91,91,92,92,93,93,94,94,95,95,95,96,96,96,97,45,0,0,0,0,0,0,0,0
55,0,88,88,88,87,87,87,87,87,86,86,86,86,86,86,85,85,85,85,85,84,84,84,84,84,83,83,83,83,83,83,83,83,83,83,83,83,83,83,82,82,82,82,82,83,83,82,82,82,82,82,82,83,83,83,83,83,84,84,84,84,85,85,85,86,86,86,87,87,88,88,88,89,89,90,90,90,91,91,92,92,93,93,94,94,94,95,95,96,96,96,66,0,0,0,0,0,0,0,0
56,0,88,87,87,86,86,86,86,86,85,85,85,85,85,85,85,84,84,84,84,84,83,83,83,83,82,82,82,82,82,82,82,82,82,82,82,82,82,82,82,82,81,81,81,82,82,82,82,82,82,82,82,82,82,82,82,82,83,83,83,83,84,84,84,85,85,86,86,86,87,87,88,88,88,89,89,90,90,90,91,92,92,92,93,93,94,94,95,95,95,96,89,0,0,0,0,0,0,0,0
57,0,87,86,86,86,85,85,85,85,85,84,84,84,84,84,84,83,83,83,83,83,83,82,82,82,81,81,81,81,81,81,81,81,81,81,81,81,81,81,81,81,80,80,80,81,81,81,81,81,81,81,81,81,81,81,81,81,82,82,82,83,83,83,84,84,84,85,85,86,86,87,87,87,88,88,88,89,89,90,90,91,91,91,92,92,93,93,94,94,94,95,94,34,0,0,0,0,0,0,0
58,0,86,86,85,85,85,85,84,84,84,83,83,83,83,83,83,83,83,82,82,82,82,82,81,81,81,81,81,80,80,80,80,80,80,80,80,80,80,80,80,80,80,80,80,80,80,80,80,80,80,80,80,80,80,80,80,80,81,81,82,82,83,83,83,83,84,84,85,85,86,86,86,86,87,88,88,88,89,89,89,90,90,91,91,92,92,93,93,94,94,94,94,69,0,0,0,0,0,0,0
59,2,85,85,84,84,84,83,83,83,83,83,83,83,83,82,82,82,82,82,81,81,81,81,81,80,80,80,80,80,80,80,80,80,80,80,80,80,80,79,79,79,79,79,79,79,79,79,79,79,79,79,79,79,79,80,80,80,80,81,81,81,82,82,82,83,83,84,84,84,85,85,85,86,86,87,87,88,88,88,89,89,90,90,91,91,92,92,92,93,93,93,94,79,0,0,0,0,0,0,0
60,33,84,84,83,83,83,82,82,82,82,82,82,82,82,81,81,81,81,81,80,80,80,80,80,80,79,79,79,79,79,79,79,79,79,79,79,79,79,79,78,78,78,78,78,78,78,78,78,78,78,78,78,78,79,79,79,79,79,80,80,80,81,81,81,82,82,83,83,83,84,84,85,85,85,86,86,87,87,88,88,89,89,89,90,90,91,91,91,92,92,93,93,91,6,0,0,0,0,0,0
61,32,83,82,82,82,82,82,82,82,81,81,81,81,81,80,80,80,80,80,80,79,79,79,79,79,79,79,79,78,78,78,78,78,78,78,78,78,78,78,78,78,77,77,77,77,78,78,78,77,77,77,77,78,78,78,78,78,79,79,79,79,80,80,81,81,82,82,82,83,83,84,84,84,85,85,86,86,87,87,88,88,88,89,89,90,90,90,91,91,91,92,92,92,34,0,0,0,0,0,0
62,32,82,82,82,81,81,81,81,81,80,80,80,80,80,80,80,80,79,79,79,79,79,79,79,78,78,78,78,78,78,78,78,78,78,78,78,78,77,77,77,77,77,77,77,77,77,77,77,77,77,77,77,77,77,77,78,78,78,78,79,79,79,80,80,81,81,81,82,82,83,83,84,84,84,85,85,86,86,87,87,87,88,88,89,89,90,90,90,91,91,91,92,92,82,0,0,0,0,0,0
63,32,81,81,81,80,80,80,80,80,80,80,79,79,79,79,79,79,78,78,78,78,78,78,78,78,78,77,77,77,77,77,77,77,77,77,77,77,77,76,76,76,76,76,76,76,76,76,76,76,76,76,76,76,77,77,77,77,77,78,78,78,79,79,79,80,80,81,81,81,82,82,83,83,84,84,85,85,85,86,86,87,87,87,88,88,89,89,90,90,90,91,91,91,91,14,0,0,0,0,0
64,32,81,80,80,80,79,79,79,79,79,79,78,78,78,78,78,78,78,77,77,77,77,77,77,77,77,77,77,76,76,76,76,76,76,76,76,76,76,76,76,75,75,75,75,75,75,75,75,75,75,75,75,75,76,76,76,76,77,77,77,78,78,78,79,79,79,80,80,81,81,82,82,83,83,83,84,84,85,85,85,86,86,87,87,88,88,89,89,89,90,90,90,90,91,24,0,0,0,0,0
65,31,80,80,79,79,79,79,79,78,78,78,78,78,78,77,77,77,77,77,77,77,77,77,76,76,76,76,76,76,76,76,75,75,75,75,75,75,75,75,75,75,75,75,75,75,75,75,75,75,75,75,75,75,75,75,75,75,76,76,77,77,77,77,78,78,79,79,80,80,81,81,81,82,82,83,83,84,84,85,85,85,86,86,87,87,88,88,88,89,89,90,90,90,90,39,0,0,0,0,0
66,31,79,79,79,78,78,78,78,77,77,77,77,77,77,77,76,76,76,76,76,76,76,76,76,76,75,75,75,75,75,75,75,75,75,75,75,75,75,74,74,74,74,74,74,74,74,74,74,74,74,74,74,74,74,74,74,75,75,76,76,76,76,77,77,78,78,79,79,79,80,80,81,81,82,82,83,83,83,84,84,85,85,86,86,87,87,87,88,88,89,89,89,89,90,87,0,0,0,0,0
67,30,78,78,78,77,77,77,77,76,76,76,76,76,76,76,75,75,75,75,75,75,75,75,75,75,75,75,74,74,74,74,74,74,74,74,74,74,74,74,74,73,73,73,73,73,73,73,73,73,73,73,73,73,73,73,74,74,74,75,75,75,76,76,76,77,77,78,79,79,79,80,80,81,81,81,82,82,83,83,84,84,84,85,86,86,87,87,87,88,88,88,89,89,89,90,21,0,0,0,0
68,30,78,77,77,77,76,76,76,76,76,75,75,75,75,75,75,74,74,74,74,74,74,74,74,74,74,74,74,74,74,74,74,74,73,73,73,73,73,73,73,73,73,73,73,73,73,73,73,73,73,73,73,73,73,73,73,73,73,74,74,74,75,75,76,76,77,77,78,78,79,79,79,80,80,81,81,82,82,82,83,83,84,84,85,85,86,86,87,87,87,88,88,89,89,89,40,0,0,0,0
69,30,77,77,76,76,76,76,75,75,75,75,74,74,74,74,74,74,74,74,74,74,74,74,74,73,73,73,73,73,73,73,73,73,73,73,73,73,73,72,72,72,72,72,72,72,72,72,72,72,72,72,72,72,72,72,72,73,73,73,74,74,74,75,75,76,76,77,77,78,78,79,79,79,80,80,81,81,81,82,82,83,83,84,84,85,85,86,86,87,87,87,88,88,89,89,49,0,0,0,0
70,30,76,75,75,75,75,75,74,74,74,74,74,73,73,73,73,73,73,73,73,73,73,73,73,73,73,72,72,72,72,72,72,72,72,72,72,72,72,71,71,71,71,71,71,71,71,71,71,71,71,71,71,71,71,71,72,72,72,73,73,73,73,74,74,75,75,76,76,77,77,78,78,79,79,80,80,80,81,81,82,82,82,83,84,84,85,85,86,86,86,87,87,88,88,88,86,0,0,0,0
71,29,75,74,74,74,74,74,74,73,73,73,73,73,72,72,72,72,72,72,72,72,72,72,72,72,72,72,72,72,72,72,72,71,71,71,71,71,71,71,70,70,70,70,70,70,70,70,70,70,70,70,70,70,70,71,71,71,71,72,72,72,73,73,74,74,75,75,76,76,77,77,78,78,78,79,79,80,80,81,81,81,82,83,83,84,84,85,85,85,86,86,87,87,87,88,87,0,0,0,0
72,29,74,74,74,74,74,73,73,73,72,72,72,72,72,72,72,71,71,71,71,71,71,71,71,71,71,71,71,71,71,71,71,71,71,71,71,70,70,70,70,70,70,70,70,70,70,70,70,70,70,70,70,70,70,70,70,71,71,71,71,72,72,73,73,74,74,75,75,76,76,77,77,77,78,78,79,79,79,80,81,81,81,82,83,83,84,84,85,85,86,86,86,87,87,87,88,51,0,0,0
73,29,74,73,73,73,73,72,72,72,72,71,71,71,71,71,71,71,70,70,70,70,70,70,70,70,70,70,70,70,70,70,70,70,70,70,70,70,70,69,69,69,69,69,69,69,69,69,69,69,69,69,69,69,69,69,70,70,70,70,71,71,71,72,72,73,73,74,75,75,75,76,76,77,77,78,78,78,79,79,80,80,81,81,82,83,83,83,84,85,85,85,86,86,87,87,87,62,0,0,0
74,28,73,72,72,72,72,71,71,71,71,71,70,70,70,70,70,70,70,70,70,70,70,70,70,70,70,70,69,69,70,70,69,69,69,69,69,69,69,69,68,68,68,68,68,68,68,68,68,68,68,68,68,68,69,69,69,69,69,70,70,70,71,71,71,72,73,73,74,74,75,75,76,76,76,77,77,78,78,79,79,80,80,81,81,82,83,83,83,84,85,85,85,86,86,87,87,73,0,0,0
75,28,72,72,72,71,71,71,71,70,70,70,70,70,70,70,69,69,69,69,69,69,69,69,69,69,69,69,69,69,69,69,69,69,69,69,69,68,68,68,68,67,67,67,67,67,67,67,67,67,67,67,67,67,68,68,68,69,69,69,69,70,70,70,71,72,72,72,73,74,74,74,75,76,76,77,77,77,78,78,79,79,80,81,81,81,82,83,83,84,84,85,85,86,86,86,87,86,0,0,0
76,28,71,71,71,71,70,70,70,70,69,69,69,69,69,69,69,68,68,68,68,68,68,68,68,68,68,68,68,68,68,68,68,68,68,68,68,67,67,67,67,67,67,67,67,67,67,67,67,67,67,67,67,67,67,67,68,68,68,68,69,69,69,70,70,71,71,72,73,73,73,74,75,75,75,76,76,77,77,78,78,79,79,80,81,81,82,82,83,83,84,84,85,85,85,86,86,86,4,0,0
77,27,71,70,70,70,70,69,69,69,69,68,68,68,68,68,68,68,67,67,67,67,67,67,67,67,67,67,67,67,67,67,67,67,67,67,67,67,67,66,66,66,66,66,66,66,66,66,66,66,66,66,66,66,66,67,67,67,67,68,68,68,69,69,70,70,71,71,72,72,73,73,74,74,75,75,76,76,76,77,78,78,79,79,80,81,81,82,82,83,83,84,84,84,85,85,86,86,75,0,0
78,27,70,70,69,69,69,69,68,68,68,68,67,67,67,67,67,67,67,66,66,66,66,66,66,66,66,66,66,66,66,66,66,66,66,66,66,66,66,66,66,66,65,65,65,65,65,65,66,66,66,66,66,66,66,66,66,66,67,67,67,68,68,68,69,70,70,71,71,72,72,73,73,74,74,75,75,75,76,77,77,78,78,79,79,80,81,81,82,82,83,83,84,84,84,85,85,86,80,0,0
79,27,70,69,69,68,68,68,68,68,67,67,67,67,66,66,66,66,66,66,66,66,66,66,66,66,66,66,66,66,66,66,66,66,66,66,65,65,65,65,65,65,64,64,64,64,64,65,65,65,65,65,65,65,65,65,66,66,66,66,67,67,68,68,68,69,70,70,71,71,72,72,73,73,74,74,75,75,75,76,77,77,78,78,79,80,80,81,82,82,83,83,83,84,84,84,85,85,81,3,0
80,27,69,69,68,68,68,67,67,67,67,66,66,66,66,65,65,65,65,65,65,65,65,65,65,65,65,65,65,65,65,65,65,65,65,65,64,64,64,64,64,64,64,64,64,64,64,64,64,64,64,64,64,64,64,65,65,65,65,65,66,66,67,67,68,68,69,69,70,70,71,72,72,73,73,73,74,74,75,75,76,77,77,78,78,79,80,80,81,81,82,82,83,83,84,84,84,85,85,14,0
81,27,69,68,67,67,67,66,66,66,66,65,65,65,65,65,64,64,64,64,64,64,64,64,64,64,64,64,64,64,64,64,64,64,64,64,64,64,63,63,63,63,63,63,63,63,63,63,63,63,63,63,63,63,64,64,64,64,64,65,65,66,66,67,67,67,68,69,69,70,70,71,71,72,72,73,73,74,74,75,75,76,77,77,78,78,79,80,80,81,81,82,83,83,83,84,84,84,85,14,0
82,27,68,68,67,67,66,66,66,65,65,65,65,64,64,64,64,64,64,64,64,64,64,64,63,63,63,63,63,63,63,63,63,63,63,63,63,63,63,63,63,63,62,62,62,62,62,62,63,63,63,63,63,63,63,63,64,64,64,64,65,65,65,66,67,67,68,68,69,69,70,70,71,71,72,72,73,73,74,74,75,75,76,77,77,78,78,79,80,80,81,82,82,83,83,84,84,84,85,14,0
83,26,68,67,66,66,66,65,65,65,64,64,64,64,63,63,63,63,63,63,63,63,63,63,63,63,63,63,62,62,62,62,62,62,62,62,62,62,62,62,62,62,62,62,62,62,62,62,62,62,62,62,62,62,62,63,63,63,63,63,64,64,65,66,66,66,67,68,68,69,69,70,70,71,71,72,72,73,73,74,74,75,76,76,77,77,78,79,79,80,81,81,82,82,83,83,84,84,84,82,0
84,26,67,66,66,65,65,65,64,64,64,63,63,63,63,63,62,62,62,62,62,62,62,62,62,62,62,62,62,62,62,62,62,62,61,61,61,61,61,61,61,61,61,61,61,61,61,61,61,61,61,61,62,62,62,62,62,62,63,63,63,64,64,65,65,66,66,67,67,68,68,69,70,70,70,71,72,72,72,73,74,74,75,75,76,77,78,78,79,79,80,80,81,82,82,83,83,84,84,82,0
85,26,66,66,65,65,64,64,64,63,63,63,63,62,62,62,62,61,61,61,61,61,61,61,61,61,61,61,61,61,61,61,61,61,61,61,61,61,60,60,60,60,60,60,60,60,60,60,60,60,61,61,61,61,61,61,62,62,62,62,63,63,64,64,65,65,66,66,67,67,68,69,69,69,70,70,71,72,72,73,73,74,74,75,76,76,77,78,78,79,80,80,81,81,82,82,83,83,84,83,0
86,0,66,65,65,64,64,64,63,63,62,62,62,62,62,61,61,61,61,61,61,61,61,61,61,61,61,61,60,60,60,60,60,60,60,60,60,60,60,60,60,60,60,60,60,60,60,60,60,60,60,60,61,61,61,61,61,62,62,62,62,63,63,64,64,65,65,66,66,67,67,68,68,69,69,70,71,71,72,72,73,73,74,75,75,76,76,77,78,79,79,80,80,81,82,82,82,83,83,83,4
87,0,65,65,64,64,63,63,62,62,62,62,61,61,61,61,61,60,60,60,60,60,60,60,60,60,60,60,60,60,59,59,59,59,60,59,59,59,59,59,59,59,59,59,59,59,59,59,59,60,60,60,60,60,60,60,60,61,61,61,62,62,63,63,64,64,65,65,65,66,67,67,68,68,69,69,70,71,71,72,72,73,74,74,75,75,76,76,77,78,79,80,80,81,81,82,82,83,83,83,29
88,0,65,64,64,63,63,62,62,62,61,61,61,61,60,60,60,60,60,60,59,59,59,59,59,59,59,59,59,59,59,59,59,59,59,59,59,59,59,59,59,59,59,59,58,58,59,59,59,59,59,59,60,60,60,60,60,60,61,61,61,62,62,63,63,63,64,64,65,66,66,67,67,68,68,69,69,70,71,71,72,72,73,74,74,75,76,76,77,78,78,79,80,80,81,81,82,82,82,83,31
89,0,64,64,63,63,62,62,62,61,61,61,61,60,60,60,60,60,59,59,59,59,59,59,59,59,59,59,59,59,59,59,59,59,59,59,59,59,59,58,59,58,58,58,58,58,58,58,59,59,59,59,59,60,60,60,60,60,61,61,61,62,62,62,63,63,64,64,64,65,66,66,67,67,68,68,69,69,70,71,72,72,73,73,74,74,75,76,77,77,78,79,79,80,80,81,82,82,83,83,32
90,0,64,63,63,62,62,61,61,61,60,60,60,60,59,59,59,59,59,59,59,59,58,58,58,58,58,58,58,58,58,58,58,58,58,58,58,58,58,58,58,58,58,58,58,58,58,58,58,58,59,59,59,59,60,60,60,60,60,61,61,61,62,62,62,63,63,64,64,64,65,66,66,67,67,68,69,69,70,70,71,72,72,73,73,74,75,75,76,77,78,78,79,80,80,81,81,82,82,82,32
91,0,63,63,62,62,61,61,61,60,60,60,59,59,59,59,59,58,58,58,58,58,58,58,58,58,58,58,58,58,58,58,58,58,58,58,58,58,58,58,58,58,58,58,58,58,58,58,58,58,58,59,59,59,60,60,60,60,60,60,61,61,61,62,62,62,63,63,64,64,65,65,66,66,67,67,68,69,69,70,70,71,72,73,73,74,75,75,76,77,77,78,78,79,80,80,81,81,82,82,31
92,0,63,62,62,61,61,61,60,60,60,59,59,59,59,58,58,58,58,58,58,57,57,57,57,57,57,57,57,57,57,57,57,57,57,57,58,58,58,58,58,58,58,58,58,58,58,58,58,58,59,59,59,59,60,60,60,60,60,60,61,61,61,61,62,62,63,63,63,64,64,65,65,66,66,67,67,68,69,69,70,71,71,72,73,74,74,75,76,76,77,78,78,79,79,80,80,81,82,82,32
93,0,11,62,61,61,61,60,60,59,59,59,59,58,58,58,58,58,57,57,57,57,57,57,57,57,57,57,57,57,57,57,57,57,57,57,57,58,58,58,58,58,58,58,58,58,58,58,59,59,59,59,60,60,60,60,60,60,60,60,60,61,61,62,62,62,63,63,63,63,64,65,65,65,66,66,67,67,68,69,70,71,71,72,72,73,74,74,75,76,77,77,78,78,79,80,80,81,82,81,35
94,0,10,61,61,60,60,60,59,59,59,58,58,58,58,57,57,57,57,57,57,57,56,56,56,56,56,56,56,56,57,57,57,57,57,57,57,57,57,58,58,58,58,58,58,59,59,59,59,59,60,60,60,60,60,61,61,61,61,61,61,61,61,62,62,62,63,63,63,63,64,64,65,65,65,66,67,67,68,68,69,70,71,71,72,73,73,74,75,75,76,77,77,78,79,80,80,81,81,82,80
95,0,10,60,60,60,60,59,59,59,58,58,58,57,57,57,57,57,57,56,56,56,56,56,56,56,56,56,56,56,56,56,57,57,57,57,57,57,57,58,58,58,58,59,59,59,59,59,59,60,60,60,61,61,61,61,61,61,61,61,61,61,62,62,62,62,62,63,63,63,64,64,65,65,65,66,66,67,67,68,69,69,70,71,71,72,73,74,74,75,76,77,77,78,79,79,80,80,81,82,80
96,0,10,60,60,60,59,59,59,58,58,58,57,57,57,57,56,56,56,56,56,56,56,56,56,56,56,56,56,56,56,56,57,57,57,57,57,58,58,58,58,59,59,59,59,60,60,60,60,61,61,61,61,62,62,62,62,62,62,62,62,62,62,62,62,62,62,63,63,63,64,64,64,65,65,65,66,67,67,68,68,69,70,70,71,72,73,73,74,75,76,76,77,78,78,79,80,80,81,82,80
97,0,10,60,60,59,59,59,58,58,58,57,57,57,56,56,56,56,56,55,55,55,55,55,55,55,55,55,55,56,56,56,57,57,57,57,58,58,58,59,59,60,60,61,61,61,61,61,61,62,62,62,63,63,63,63,63,63,63,63,63,63,63,63,63,63,63,63,63,63,63,64,64,65,65,65,66,66,67,67,68,69,69,70,71,72,72,73,73,74,75,76,76,77,78,79,79,80,81,81,79
98,0,4,57,59,59,59,58,58,58,57,57,56,56,56,56,55,55,55,55,55,55,55,55,55,55,55,55,55,56,56,56,57,57,57,58,58,59,59,59,60,60,61,62,62,62,62,62,62,62,63,63,64,64,64,64,64,64,64,64,64,63,63,63,63,63,63,63,63,63,64,64,64,64,65,65,65,66,66,67,68,68,69,70,70,71,72,72,73,74,75,75,76,77,78,78,79,80,80,81,79
99,0,0,56,59,59,58,58,58,57,57,56,56,56,55,55,55,55,55,55,55,55,55,55,55,55,55,55,55,55,56,56,57,57,58,58,59,60,60,60,61,62,62,62,63,63,63,63,63,64,64,64,64,65,65,65,65,65,64,64,64,64,64,64,64,64,63,63,64,64,64,64,64,64,65,65,65,66,66,67,67,68,69,69,70,70,71,72,73,74,74,75,76,77,78,78,79,80,80,81,79
100,0,0,56,59,58,58,58,57,57,56,56,56,55,55,55,55,54,54,54,54,54,54,54,54,54,55,55,55,56,56,57,57,58,58,59,59,60,61,61,62,63,63,64,64,64,65,65,65,65,66,66,66,66,67,66,66,66,66,66,66,66,65,65,64,64,64,64,64,64,64,64,64,65,65,65,65,66,66,66,67,68,68,69,69,70,71,72,72,73,74,75,75,76,77,78,79,80,80,80,79
101,0,0,55,58,58,58,57,57,56,56,56,55,55,55,55,54,54,54,54,54,54,54,54,54,54,55,55,55,56,56,57,57,58,59,60,60,61,62,63,63,64,65,65,66,66,67,67,67,67,67,68,68,68,68,68,68,68,68,67,67,67,67,66,66,65,65,65,65,65,64,64,65,65,65,65,65,65,66,66,67,67,68,68,69,70,71,71,72,73,74,74,75,76,77,78,78,79,80,80,79
102,0,0,54,58,58,57,57,57,56,56,55,55,54,54,54,54,54,54,53,53,53,54,54,54,54,55,55,55,56,57,57,58,59,60,60,61,62,63,64,65,65,66,66,67,67,68,68,68,68,69,69,69,69,69,69,69,69,69,69,68,68,67,67,67,66,66,66,65,65,65,65,65,65,65,65,65,65,66,66,66,67,67,68,69,69,70,71,72,73,74,75,75,76,77,78,78,79,80,80,80
103,0,0,0,58,58,57,57,56,56,55,55,55,54,54,54,54,53,53,53,53,53,53,54,54,54,55,55,56,56,57,58,59,60,60,61,63,64,64,65,66,67,67,68,69,69,69,70,70,70,71,71,71,71,71,71,71,71,71,70,70,70,69,69,68,68,67,66,66,66,66,65,65,65,65,65,65,65,65,66,66,66,67,68,68,69,70,71,71,72,73,74,75,76,77,78,78,79,80,80,80
104,0,0,0,58,58,57,57,56,55,55,55,54,54,54,53,53,53,53,53,53,53,53,53,54,54,55,55,56,57,58,59,59,60,61,63,63,65,66,67,68,68,69,70,71,71,71,72,72,72,73,73,73,73,73,73,73,73,73,72,72,72,71,70,70,69,69,68,67,67,67,66,66,66,66,66,65,65,65,66,66,66,67,67,68,69,70,70,71,72,73,74,75,76,77,78,78,79,80,81,81
105,0,0,0,58,57,57,56,56,55,55,54,54,54,53,53,53,53,53,53,53,53,53,53,54,54,55,56,56,57,58,59,60,61,62,63,65,66,67,68,69,70,71,71,72,72,73,73,73,74,74,74,74,74,75,75,75,74,74,74,73,72,72,72,71,70,69,69,68,67,67,67,66,66,66,66,66,65,66,66,66,66,66,67,68,69,70,70,71,72,73,74,74,75,77,77,78,79,80,81,80
106,0,0,0,57,58,57,57,56,55,55,54,54,53,53,53,53,53,52,52,52,53,53,53,54,54,55,56,57,57,58,60,61,62,63,65,66,67,68,69,71,72,73,73,74,74,75,75,75,76,76,76,76,77,77,77,77,76,76,76,75,74,74,73,73,72,71,70,69,69,68,67,67,66,66,66,66,66,66,66,66,66,67,67,68,69,69,70,71,72,73,73,74,75,76,77,78,79,81,81,80
107,0,0,0,43,58,57,57,56,55,55,54,54,53,53,53,53,53,52,52,52,53,53,53,54,54,55,56,57,58,59,61,62,63,64,66,66,68,70,71,72,73,74,75,76,77,77,77,78,78,78,78,79,79,79,79,79,79,78,78,77,77,76,75,74,73,73,71,71,70,69,68,68,67,66,66,66,66,66,66,66,66,66,67,68,68,69,70,71,72,73,73,74,75,76,78,78,80,81,82,80
108,0,0,0,42,58,57,57,56,55,55,54,54,53,53,53,53,52,52,52,52,53,53,53,54,54,55,56,57,59,60,61,62,64,65,67,68,70,71,73,73,75,76,77,77,78,78,78,80,80,80,80,81,81,81,81,81,81,80,80,78,78,78,77,76,75,74,73,72,71,70,70,69,68,67,67,66,66,66,66,66,66,66,67,68,68,69,70,71,72,73,74,74,75,76,78,78,80,81,83,81
109,0,0,0,41,58,58,57,56,56,55,54,54,53,53,53,53,52,52,52,52,53,53,53,54,55,56,57,58,59,60,62,63,65,66,68,69,71,73,74,75,76,77,78,79,79,80,80,81,81,81,82,82,82,82,82,82,82,82,81,80,80,79,78,78,76,75,74,73,72,71,70,69,69,68,67,67,66,66,66,66,66,67,67,68,68,69,70,71,72,73,73,74,75,76,78,79,80,82,83,82
110,0,0,0,41,58,58,57,56,56,55,55,54,53,53,53,52,52,52,52,52,53,53,53,54,55,56,57,58,60,61,63,64,65,67,69,71,72,74,75,77,78,79,80,81,81,82,82,82,83,83,83,84,84,84,84,84,84,84,83,83,82,81,80,79,78,77,76,75,74,73,72,71,69,68,68,67,67,67,66,66,67,67,67,68,68,69,70,71,72,73,73,74,75,77,78,79,81,82,84,82
111,0,0,0,8,59,58,57,57,56,55,55,54,53,53,53,52,52,52,52,52,53,53,54,54,55,57,58,59,60,62,63,64,66,68,70,71,73,75,77,78,79,80,82,83,83,83,84,84,85,85,85,86,86,86,86,86,86,86,85,84,83,83,82,81,80,79,78,76,75,74,73,72,71,70,69,68,67,67,66,67,67,67,67,68,68,69,70,71,71,72,73,74,75,77,78,80,81,83,85,80
112,0,0,0,0,59,58,58,57,56,56,55,54,54,53,53,53,52,52,52,53,53,53,54,55,56,57,58,59,61,63,64,66,67,69,71,73,75,76,78,79,81,82,83,84,85,85,86,86,86,87,87,88,88,88,88,88,88,88,87,86,85,85,84,83,81,80,79,78,76,75,74,73,72,71,69,69,68,67,67,67,67,67,67,68,68,69,70,71,71,72,74,74,76,77,79,80,82,84,85,76
113,0,0,0,0,58,59,58,57,56,56,55,55,54,53,53,53,53,52,53,53,53,54,54,55,56,57,59,60,61,63,65,66,68,70,72,74,76,77,79,81,82,83,84,85,86,86,87,87,87,88,88,88,89,89,89,89,89,88,88,87,87,86,85,83,83,81,80,79,78,76,75,73,72,71,70,69,68,68,67,67,67,67,68,68,68,69,70,70,71,73,73,74,76,78,79,81,83,85,86,74
114,0,0,0,0,59,59,59,58,57,56,56,55,54,54,54,53,53,53,53,53,53,54,54,55,56,57,59,60,62,64,66,67,69,71,73,74,76,78,80,82,83,84,86,87,87,88,88,89,89,89,90,90,90,90,90,90,90,90,89,89,88,87,86,85,84,83,82,80,78,78,76,74,73,72,71,70,69,68,68,67,67,68,68,68,68,69,70,70,72,73,73,75,76,78,80,81,84,86,88,72
115,0,0,0,0,41,60,59,58,58,57,56,55,55,54,54,53,53,53,53,53,53,54,54,55,57,58,59,61,63,64,66,68,70,72,74,76,78,80,82,83,84,86,87,88,88,89,89,90,90,90,91,91,92,92,92,92,92,91,90,90,89,88,88,86,85,84,82,81,79,78,77,75,74,73,71,71,69,69,68,68,68,68,68,68,69,69,70,71,72,73,73,75,76,78,80,83,85,86,88,48
116,0,0,0,0,30,60,60,59,58,57,57,56,55,54,54,54,53,53,53,53,54,54,55,56,57,58,59,61,63,65,67,69,71,73,75,77,79,81,82,84,85,87,88,89,89,90,90,91,91,92,92,92,92,93,93,93,93,92,92,91,91,90,88,88,87,85,83,82,80,79,77,76,74,74,72,71,70,69,69,68,68,68,68,68,69,69,70,71,72,73,74,75,77,79,81,83,86,88,89,34
117,0,0,0,0,31,61,60,60,59,58,57,56,55,55,55,54,54,54,54,54,54,54,55,56,57,59,61,61,63,65,67,70,71,74,76,78,79,81,83,85,86,87,89,90,91,91,92,92,93,93,93,93,94,94,94,94,94,94,93,93,92,91,90,88,88,86,84,83,81,80,78,77,75,74,73,71,70,69,69,69,68,68,68,69,69,69,70,71,72,73,74,76,77,80,81,84,86,89,89,34
118,0,0,0,0,30,61,61,60,60,59,58,57,56,55,55,55,54,54,54,54,54,55,55,56,57,59,61,62,64,66,68,70,72,74,76,78,80,82,84,86,87,89,90,91,91,92,93,93,94,94,94,95,95,95,95,95,95,95,94,93,92,92,91,89,88,87,85,83,82,80,79,77,76,75,73,72,71,70,69,69,68,68,69,69,69,69,70,71,72,73,74,76,78,80,82,85,87,90,90,32
119,0,0,0,0,17,62,61,61,60,59,58,57,56,56,55,55,55,54,54,54,55,55,55,56,57,59,61,62,64,66,68,71,72,75,77,79,81,83,85,87,88,89,91,91,92,93,93,94,94,95,95,95,95,96,96,96,96,95,95,94,93,92,91,90,89,88,86,84,82,81,79,78,76,75,74,72,71,71,70,69,69,69,69,69,69,70,70,71,72,73,75,76,79,81,83,86,89,91,91,31
120,0,0,0,0,0,62,62,62,61,60,59,58,57,56,56,56,55,55,55,55,55,55,56,57,58,59,61,62,64,66,69,70,73,75,78,80,81,83,85,87,89,90,91,92,93,94,94,95,95,96,96,96,97,97,97,96,96,96,95,95,94,93,92,91,90,88,87,85,84,82,80,78,77,76,74,73,72,71,70,69,69,69,69,69,69,70,70,71,72,74,75,77,79,82,85,87,89,92,92,29
121,0,0,0,0,0,62,63,62,62,60,60,59,58,57,56,56,56,55,55,55,56,56,56,57,58,59,61,62,64,67,69,71,73,76,78,80,82,84,86,88,89,91,92,93,94,94,95,96,96,97,97,97,98,97,97,97,97,97,96,96,95,94,93,91,90,89,87,85,83,82,80,79,77,76,75,73,72,71,70,70,69,69,69,69,70,70,71,71,73,75,76,78,80,83,85,88,90,93,93,27
122,0,0,0,0,0,62,64,63,62,61,60,60,58,58,57,57,56,56,56,56,56,56,57,57,58,60,61,62,64,67,69,71,74,76,78,80,82,84,86,88,90,91,92,93,94,95,96,96,97,97,98,98,98,98,98,98,98,97,97,96,95,94,93,92,91,89,87,86,84,83,81,79,77,76,75,73,72,71,71,70,70,69,69,69,70,70,71,72,73,75,76,78,81,84,87,89,91,94,93,25
123,0,0,0,0,0,51,64,64,63,62,61,60,60,59,58,57,57,57,56,56,56,56,57,57,58,60,62,63,65,67,70,71,74,76,79,81,83,85,87,89,90,91,93,94,95,96,96,97,97,98,98,98,98,98,98,98,98,98,97,96,96,95,93,92,91,89,88,86,84,83,81,79,77,76,75,74,72,71,71,70,70,70,69,70,70,71,71,72,73,75,77,79,82,85,88,90,93,95,93,0
124,0,0,0,0,0,19,65,65,64,63,62,61,61,60,59,59,58,57,57,57,57,57,57,58,59,61,61,63,65,67,69,71,74,76,79,81,83,85,87,89,91,92,93,94,95,96,97,97,98,98,98,99,99,99,99,99,99,98,98,97,96,95,94,92,91,90,88,86,84,83,81,79,77,77,75,74,72,71,71,70,70,70,70,70,70,71,71,73,74,76,78,80,83,86,89,91,93,96,91,0
125,0,0,0,0,0,19,66,65,65,64,63,62,62,61,60,59,59,59,58,58,58,58,58,58,60,61,62,63,65,67,70,71,74,76,79,81,83,85,87,89,90,92,93,94,95,96,97,98,98,98,99,99,99,99,99,99,99,98,98,97,96,95,94,92,91,90,88,86,85,83,81,80,78,77,75,74,73,72,71,70,70,70,70,70,70,71,71,73,75,76,78,81,84,87,90,93,95,97,86,0
126,0,0,0,0,0,19,67,66,65,65,64,63,62,62,61,60,60,59,59,58,59,59,59,59,60,61,63,63,65,67,69,71,74,76,79,81,83,85,87,89,90,92,94,95,96,96,97,98,98,99,99,99,99,99,99,99,99,99,98,97,96,95,94,92,92,90,88,86,85,83,82,80,78,76,75,74,73,72,71,70,70,70,70,70,71,71,72,73,75,77,79,82,85,88,92,94,97,98,82,0
127,0,0,0,0,0,19,68,67,66,66,65,64,63,63,62,61,61,60,60,60,59,59,60,60,60,61,63,64,65,67,69,71,74,76,79,81,83,85,87,89,91,92,94,95,96,96,97,98,99,99,99,100,100,100,100,99,99,99,98,97,96,95,94,93,92,90,88,86,84,84,82,80,78,76,75,74,72,72,71,71,70,70,70,70,71,71,72,74,76,78,80,83,86,90,93,95,98,100,70,0
128,0,0,0,0,0,4,69,69,68,67,66,66,65,64,63,62,62,61,61,61,60,60,61,61,61,62,63,64,65,68,70,71,74,76,79,81,83,85,87,89,91,92,94,95,96,97,98,98,99,99,100,100,100,100,100,99,99,99,98,97,96,95,94,93,91,90,88,86,84,84,82,80,78,77,75,74,72,72,71,71,70,70,70,71,71,72,73,74,76,79,81,84,88,92,94,97,99,100,16,0
129,0,0,0,0,0,0,70,69,69,69,68,67,66,65,64,63,63,62,62,61,61,61,61,61,62,62,63,64,66,68,70,71,74,76,79,81,83,85,87,89,90,92,94,95,96,97,98,98,99,99,100,100,100,100,100,99,99,99,98,97,97,95,94,93,92,90,88,86,84,83,82,80,78,77,75,74,72,72,71,71,70,70,70,71,71,72,74,75,77,79,82,85,89,92,96,98,101,101,15,0
130,0,0,0,0,0,0,71,71,71,71,70,69,68,67,66,65,64,64,63,63,62,62,62,62,62,62,64,65,66,68,70,72,73,76,78,81,83,85,87,89,90,92,94,95,96,97,97,98,99,99,100,100,100,100,99,99,99,99,98,97,97,95,94,93,91,90,88,86,84,83,82,80,78,77,75,74,73,72,71,71,71,70,71,71,72,73,74,76,78,80,83,87,90,94,97,101,102,101,14,0
131,0,0,0,0,0,0,73,75,75,74,73,72,71,69,68,67,66,66,65,65,64,63,63,63,63,63,64,65,66,68,70,71,74,76,78,81,82,85,87,89,90,92,93,95,96,97,97,98,99,99,100,100,100,100,99,99,99,98,98,97,96,95,94,93,91,90,88,86,84,83,81,80,78,77,75,74,73,72,71,71,71,71,71,71,72,74,75,77,79,81,85,88,91,96,99,102,104,100,12,0
132,0,0,0,0,0,0,75,78,78,77,76,75,74,72,71,70,68,67,66,66,66,65,64,64,64,64,64,65,67,68,70,71,74,76,78,81,82,85,87,89,90,92,93,95,96,97,97,98,99,99,99,100,100,100,99,99,99,98,98,97,96,95,94,93,92,90,88,86,85,83,81,79,78,77,75,74,73,72,71,71,71,71,71,72,73,74,75,77,79,82,86,90,94,97,101,104,106,93,0,0
133,0,0,0,0,0,0,53,81,81,80,79,78,77,75,74,73,72,70,69,68,67,67,66,65,65,65,65,66,67,69,70,71,73,76,78,80,82,84,87,89,91,92,93,95,96,96,97,98,99,99,99,100,100,99,99,99,99,98,98,97,96,95,94,93,91,90,88,86,84,83,81,79,77,76,75,74,73,72,72,71,71,71,71,72,73,74,76,78,80,83,87,92,95,99,103,106,107,85,0,0
134,0,0,0,0,0,0,6,85,84,83,82,81,80,79,78,76,75,73,72,71,69,69,68,67,67,66,67,67,67,69,71,71,73,75,78,79,82,84,86,88,89,91,93,94,95,96,97,98,98,99,99,99,99,99,99,99,99,98,97,97,96,95,94,92,91,89,88,86,84,83,81,79,77,76,75,74,72,72,72,71,71,71,72,73,73,75,76,78,81,85,89,93,97,101,104,107,109,72,0,0
135,0,0,0,0,0,0,6,87,87,86,85,84,83,82,81,79,79,77,76,74,73,71,70,69,69,68,68,68,69,69,71,72,73,75,77,79,81,84,86,88,89,91,93,94,95,96,97,98,98,99,99,99,99,99,99,99,98,98,97,97,96,95,93,92,91,89,87,85,84,82,80,78,77,76,75,73,73,72,72,71,71,72,72,73,74,75,77,79,82,86,90,95,99,102,106,109,110,0,0,0
136,0,0,0,0,0,0,6,89,89,89,88,87,86,85,83,82,81,80,79,77,76,74,73,72,71,70,70,69,69,70,71,72,73,75,77,79,81,83,85,87,89,91,92,94,95,96,97,97,98,98,99,99,99,99,99,98,98,98,97,96,95,94,93,92,90,89,87,85,83,82,80,78,77,76,74,73,73,72,72,72,72,72,73,73,74,76,78,80,83,87,91,96,101,105,108,111,107,0,0,0
137,0,0,0,0,0,0,6,92,92,91,90,89,88,88,86,85,84,83,82,81,79,77,76,75,74,73,72,71,71,71,72,72,74,75,77,79,80,83,85,87,88,91,92,94,95,95,96,97,98,98,98,99,99,99,98,98,98,97,97,96,95,94,93,91,90,88,87,85,83,81,80,78,76,75,74,73,73,72,72,72,72,72,73,74,75,76,78,81,84,88,94,99,103,107,110,113,106,0,0,0
138,0,0,0,0,0,0,6,94,94,94,93,92,91,90,89,88,87,86,85,83,83,81,79,78,77,76,75,74,73,73,74,74,74,76,78,79,80,82,85,87,88,90,92,93,94,95,96,97,98,98,98,98,98,98,98,98,97,97,96,95,95,94,92,91,90,88,86,84,82,81,79,77,76,75,74,73,72,72,72,72,72,73,73,74,75,76,79,82,86,90,95,101,105,109,112,115,86,0,0,0
139,0,0,0,0,0,0,6,96,97,96,95,94,94,93,92,91,90,89,88,86,85,84,82,81,80,79,78,77,76,75,75,75,75,76,78,79,81,82,84,86,88,90,91,93,94,95,96,96,97,97,97,98,98,98,98,97,97,96,96,95,94,93,91,90,88,87,85,84,82,81,79,77,76,75,74,73,73,72,72,72,73,73,74,75,75,78,80,83,88,92,97,103,107,110,114,116,72,0,0,0
140,0,0,0,0,0,0,6,98,98,98,97,97,96,95,94,93,92,91,90,89,88,87,85,84,83,82,81,80,79,77,77,77,77,77,78,80,81,82,84,86,87,89,91,92,93,94,95,96,97,97,97,97,98,97,97,97,97,96,95,94,94,93,91,89,88,86,85,83,81,80,78,77,75,75,74,73,73,72,72,72,73,73,74,75,76,79,80,85,88,94,99,105,109,112,116,118,67,0,0,0
141,0,0,0,0,0,0,7,100,101,100,100,99,98,97,97,96,95,94,93,92,91,90,88,88,86,85,84,83,82,81,80,79,79,79,79,81,81,82,84,86,87,88,90,92,93,93,94,95,96,96,96,97,97,97,97,96,96,95,94,94,93,92,90,89,88,86,84,83,82,80,78,76,75,75,74,73,73,72,72,73,73,74,74,75,77,79,82,85,90,96,102,107,111,115,118,114,59,0,0,0
142,0,0,0,0,0,0,7,103,103,103,102,102,101,100,100,99,97,96,95,95,93,92,91,90,89,88,87,85,85,83,82,82,81,80,80,81,82,83,84,86,87,88,89,91,92,93,94,94,95,96,96,96,96,96,96,96,95,95,94,93,93,91,90,88,87,85,84,82,80,79,78,76,75,75,74,73,73,73,73,73,73,74,75,76,78,80,83,86,92,98,104,110,114,116,120,112,0,0,0,0
143,0,0,0,0,0,0,4,99,106,106,105,104,103,103,102,101,100,99,98,97,96,95,94,92,91,90,89,88,87,86,85,84,83,83,83,82,83,83,84,85,86,88,89,90,91,92,93,94,94,95,95,95,95,95,95,95,95,94,94,93,92,91,89,88,87,85,83,81,80,79,77,76,75,75,74,73,73,73,73,73,74,74,75,76,79,81,84,88,94,100,106,111,116,118,121,107,0,0,0,0
144,0,0,0,0,0,0,0,92,108,108,107,107,106,105,105,104,102,101,101,100,99,97,97,95,94,93,91,91,90,89,87,87,86,86,85,85,84,84,85,86,87,87,88,90,91,91,92,93,94,94,95,95,95,95,95,95,94,94,93,92,91,90,89,87,85,84,82,81,80,78,77,76,75,74,74,73,73,73,73,74,74,74,76,77,80,82,85,91,96,102,108,114,118,121,123,92,0,0,0,0
145,0,0,0,0,0,0,0,93,111,111,110,109,109,108,107,106,105,104,103,102,102,100,99,98,96,95,94,93,92,91,90,89,88,88,88,87,86,86,85,86,87,87,88,89,90,91,92,92,93,93,94,94,94,94,94,94,94,93,92,92,91,89,88,86,85,84,82,80,79,78,77,76,75,74,74,73,73,73,73,74,74,75,76,78,80,83,87,93,98,105,111,116,120,123,125,53,0,0,0,0
146,0,0,0,0,0,0,0,96,114,113,113,112,112,111,110,109,108,107,106,105,104,103,101,100,99,98,97,95,94,93,92,91,91,90,89,89,88,87,86,86,87,87,88,89,90,90,91,92,92,93,93,93,93,93,93,93,93,93,92,91,90,89,87,86,85,83,81,80,78,78,76,75,74,74,74,73,73,73,73,74,74,76,77,78,81,84,88,94,101,108,114,119,123,125,127,49,0,0,0,0
147,0,0,0,0,0,0,8,114,117,116,115,115,114,113,112,111,110,110,108,107,106,105,104,103,101,100,99,98,96,95,94,94,93,92,91,91,90,89,88,88,87,87,88,88,89,90,90,91,91,92,93,93,93,93,93,93,92,92,91,90,89,88,87,85,84,83,81,79,78,77,76,75,75,74,74,74,74,74,74,74,75,76,77,79,82,85,90,96,103,110,117,121,125,128,117,0,0,0,0,0
148,0,0,0,0,0,0,8,118,120,119,119,118,117,116,115,114,113,112,111,110,109,108,106,105,104,103,101,100,99,98,97,96,95,95,94,93,92,91,91,90,89,88,88,88,88,89,90,90,91,91,92,92,92,92,92,92,92,91,90,89,89,87,86,84,84,82,80,79,77,77,76,75,75,74,74,74,74,74,74,75,75,76,78,80,83,86,92,99,105,112,119,124,127,131,115,0,0,0,0,0
149,0,0,0,0,0,0,8,122,122,122,121,120,120,119,118,117,116,115,114,113,111,110,109,108,106,105,104,102,101,100,99,98,97,96,96,94,94,93,93,91,91,89,89,89,89,89,89,90,90,91,91,91,91,91,91,91,91,90,90,89,88,86,85,84,82,81,80,78,77,77,76,75,75,74,74,74,74,74,74,75,76,77,78,81,84,88,94,101,108,115,121,126,129,132,109,0,0,0,0,0
150,0,0,0,0,0,0,9,125,125,125,124,123,122,121,121,119,118,117,116,115,114,113,112,110,109,107,106,105,104,102,101,100,99,98,97,96,96,95,94,93,92,91,90,89,89,89,89,89,89,90,90,91,91,91,91,90,90,89,89,88,87,86,85,83,82,81,79,78,77,76,76,75,75,74,74,74,74,74,75,75,77,78,79,82,85,89,96,103,111,118,123,128,132,134,34,0,0,0,0,0
151,0,0,0,0,0,0,9,128,128,127,127,126,125,124,123,122,121,120,118,118,116,115,113,113,111,110,108,108,106,105,103,102,101,100,99,98,97,97,96,95,93,93,91,90,89,89,91,97,97,89,89,90,90,90,90,89,89,89,88,87,86,85,84,83,82,81,79,78,77,76,76,75,75,74,74,74,74,74,75,76,77,78,80,83,86,92,98,106,114,120,126,131,134,135,32,0,0,0,0,0
152,0,0,0,0,0,0,9,131,130,130,130,129,128,127,126,125,124,123,121,120,119,117,116,115,114,112,111,109,108,107,106,104,103,102,101,100,99,98,98,97,95,94,92,92,90,89,91,97,97,89,89,89,89,89,89,88,88,88,87,86,85,84,83,82,81,80,79,78,77,76,75,75,75,74,75,75,75,75,76,76,77,78,81,84,88,93,100,109,117,123,128,133,136,136,30,0,0,0,0,0
153,0,0,0,0,0,0,9,134,134,133,132,131,130,129,128,127,126,125,124,123,121,120,119,117,116,114,113,112,110,109,107,106,105,104,103,102,101,100,99,97,97,95,94,93,92,91,90,93,93,88,88,88,88,88,88,88,87,87,86,85,84,84,82,81,81,79,78,78,77,76,75,75,74,75,75,75,75,75,76,77,78,79,82,85,89,95,102,111,119,126,131,135,138,124,15,0,0,0,0,0
154,0,0,0,0,0,0,9,137,137,136,135,134,133,132,131,130,128,127,126,125,124,122,121,120,118,117,115,114,113,111,110,108,107,106,105,103,103,101,100,99,98,97,96,94,93,92,91,89,88,88,87,87,87,87,87,87,87,86,85,84,84,83,82,81,80,79,78,77,77,76,75,75,75,75,75,75,75,76,76,77,79,80,83,85,91,97,106,114,122,128,133,137,140,120,0,0,0,0,0,0
155,0,0,0,0,0,0,10,140,139,139,138,137,136,135,134,133,131,130,129,128,126,125,123,122,121,119,118,116,115,114,112,111,109,108,107,106,104,103,102,101,100,98,97,96,94,93,92,90,88,87,87,87,87,86,86,86,86,85,85,84,83,82,81,80,80,79,78,77,76,76,75,75,75,75,75,75,76,76,77,78,79,81,83,87,92,100,109,117,125,131,136,139,141,117,0,0,0,0,0,0
156,0,0,0,0,0,0,10,143,142,141,141,140,139,138,136,135,134,132,131,130,129,127,126,124,123,122,120,119,117,116,115,113,111,110,108,108,106,105,103,103,101,100,98,97,96,94,92,91,89,88,87,87,86,86,85,85,85,85,84,83,83,82,81,80,79,79,78,77,77,76,76,75,75,75,75,76,76,76,77,78,80,82,84,89,94,103,111,120,127,133,138,141,142,50,0,0,0,0,0,0
157,0,0,0,0,0,0,142,146,145,144,143,142,141,140,139,137,136,135,134,132,131,129,128,127,125,124,122,121,119,118,116,115,113,112,110,109,108,106,105,104,103,101,100,98,97,96,94,92,90,89,88,87,87,86,85,85,84,84,84,83,82,81,81,80,79,79,78,77,77,76,76,75,75,75,76,76,77,77,78,79,81,82,86,91,97,105,114,123,130,136,139,143,142,9,0,0,0,0,0,0
158,0,0,0,0,0,0,146,149,148,147,146,145,144,142,141,140,139,137,136,135,134,132,130,129,128,126,125,123,122,120,119,117,116,114,112,111,110,109,107,105,104,102,102,100,98,96,96,94,92,90,89,87,86,86,85,85,84,84,83,83,82,81,80,80,79,79,78,78,77,77,76,76,76,76,76,77,77,78,78,80,82,83,87,92,99,107,117,125,132,138,142,145,141,9,0,0,0,0,0,0
159,0,0,0,0,0,0,150,152,151,150,149,148,147,145,144,143,141,140,139,137,136,134,133,131,130,129,127,125,123,122,121,119,117,116,115,113,111,110,108,107,106,104,102,101,100,98,97,95,94,92,90,87,87,86,85,85,84,84,83,83,82,81,81,80,80,79,79,78,77,77,77,76,76,77,77,77,78,78,79,81,82,84,89,93,101,110,120,128,135,140,144,147,125,2,0,0,0,0,0,0
160,0,0,0,0,0,0,154,154,154,152,152,151,149,148,147,145,144,142,141,140,138,137,135,134,132,130,129,127,126,124,122,121,120,118,116,115,114,112,110,109,107,106,104,102,101,100,98,97,95,93,91,89,87,86,85,85,84,84,83,83,82,82,81,81,80,79,79,78,78,77,77,77,77,77,77,78,78,79,79,81,83,85,90,95,103,113,122,131,136,142,145,148,115,0,0,0,0,0,0,0
161,0,0,0,0,0,0,158,157,156,155,154,153,152,151,149,148,146,145,144,142,141,139,138,136,135,133,131,130,128,126,125,123,122,120,119,117,115,114,112,110,108,108,106,104,102,101,100,99,97,95,93,91,89,87,86,85,85,84,84,83,83,82,81,81,80,80,79,79,78,78,78,77,77,78,78,78,79,79,80,82,84,87,92,98,106,115,124,134,139,144,147,150,112,0,0,0,0,0,0,0
162,0,0,0,0,0,0,161,160,159,158,157,156,155,153,152,151,149,148,146,144,144,142,140,138,137,135,133,132,130,129,127,125,124,123,121,119,117,115,114,112,110,108,107,105,104,103,102,100,99,97,95,93,90,88,87,86,85,85,84,84,83,83,82,81,81,80,80,79,79,78,78,78,78,78,79,79,79,80,81,83,85,88,93,100,109,118,128,135,141,146,149,151,107,0,0,0,0,0,0,0
163,0,0,0,0,0,0,164,163,162,161,160,158,157,156,155,153,152,150,149,147,145,144,142,141,139,138,136,134,132,131,129,128,126,124,122,121,119,117,115,114,112,110,108,107,105,104,103,101,101,99,97,94,91,90,88,87,86,85,85,84,84,83,83,82,81,81,80,80,79,79,79,79,79,79,79,80,80,81,82,84,86,89,95,103,112,121,130,138,144,148,151,150,0,0,0,0,0,0,0,0
164,0,0,0,0,0,0,167,166,165,164,162,161,160,159,157,155,154,153,151,150,148,146,145,143,141,139,138,136,135,133,131,130,128,126,124,123,121,119,117,115,113,112,110,108,106,106,104,103,102,100,99,96,94,92,90,88,86,86,85,85,84,84,83,82,82,82,81,80,80,80,80,80,80,80,80,80,81,81,83,85,87,91,97,105,114,123,133,140,145,149,152,148,0,0,0,0,0,0,0,0
165,0,0,0,0,0,0,170,169,168,166,165,164,163,161,159,159,157,155,153,153,151,149,147,145,144,142,140,138,137,135,133,131,130,128,127,125,123,122,119,117,115,113,112,110,108,107,106,105,103,102,100,99,96,93,91,89,88,87,86,86,85,85,84,83,83,82,82,81,81,81,81,81,81,80,81,81,82,82,84,86,88,92,98,107,116,126,135,143,148,151,154,146,0,0,0,0,0,0,0,0
166,0,0,0,0,0,50,172,172,171,169,168,167,166,164,162,161,159,158,156,154,153,151,149,148,146,144,142,140,139,137,135,134,132,130,129,127,125,123,121,119,117,115,113,111,110,108,107,106,105,104,102,100,97,96,93,91,89,88,87,86,86,86,85,84,84,83,83,82,82,82,82,82,81,82,82,82,82,83,85,86,89,93,100,108,119,129,138,144,149,152,155,143,0,0,0,0,0,0,0,0
167,0,0,0,0,0,50,175,175,173,172,171,170,168,167,165,163,162,161,159,157,155,154,152,150,148,146,145,143,141,139,137,136,134,132,130,129,127,125,123,121,119,116,114,113,111,110,109,107,106,105,104,101,99,98,95,92,91,89,88,87,87,86,85,85,85,84,84,83,83,82,82,82,82,82,82,83,83,84,85,87,90,95,102,111,122,132,140,146,151,154,156,92,0,0,0,0,0,0,0,0
168,0,0,0,0,0,51,178,177,176,175,174,172,170,169,168,166,164,163,161,160,158,156,154,153,150,148,146,144,143,141,139,137,136,134,132,130,128,127,125,122,120,118,116,115,113,111,110,109,108,106,106,104,101,99,96,94,92,90,89,89,88,87,87,86,86,85,84,84,84,83,83,83,83,83,83,83,84,85,86,88,91,97,104,114,125,134,142,148,153,155,157,87,0,0,0,0,0,0,0,0
169,0,0,0,0,0,52,181,180,179,177,176,175,173,172,170,168,168,165,164,162,161,159,156,154,152,151,149,147,145,144,142,140,138,135,134,132,130,128,127,125,122,120,118,116,115,113,111,111,109,108,106,106,103,101,99,96,93,91,91,90,89,88,88,87,86,86,86,85,85,84,84,84,84,84,84,84,85,85,87,89,93,98,106,116,127,137,144,150,154,157,154,81,0,0,0,0,0,0,0,0
170,0,0,0,0,0,182,184,182,181,180,179,177,176,175,173,172,170,168,166,164,162,160,159,157,155,153,151,149,147,145,143,142,140,138,136,135,133,130,128,127,125,122,120,118,116,115,113,112,111,109,108,106,105,103,101,98,95,93,92,91,90,89,89,88,87,87,86,86,85,85,85,84,84,84,84,85,85,86,88,90,95,100,108,119,130,139,147,152,155,159,152,0,0,0,0,0,0,0,0,0
171,0,0,0,0,0,186,186,185,184,183,181,180,179,177,176,174,172,170,169,167,165,163,161,159,157,155,153,151,149,147,145,143,142,140,138,136,134,132,130,128,126,124,122,120,118,116,115,113,112,111,110,108,107,104,103,100,97,94,93,92,91,90,89,89,88,88,87,87,86,86,86,85,85,85,85,86,86,87,89,91,96,102,111,121,133,142,148,154,157,161,149,0,0,0,0,0,0,0,0,0
172,0,0,0,0,0,189,189,188,187,185,185,183,181,180,178,177,175,173,171,170,168,165,163,161,160,157,155,153,152,150,148,145,144,142,140,138,136,134,132,130,128,125,124,122,120,118,117,115,114,112,111,110,108,106,104,102,99,96,94,93,92,91,90,90,89,89,88,88,87,87,87,86,86,86,86,86,87,88,90,93,97,105,114,125,135,144,150,155,159,162,143,0,0,0,0,0,0,0,0,0
173,0,0,0,0,0,192,191,191,189,188,187,186,184,183,181,179,177,175,174,171,170,168,166,164,161,160,158,155,153,151,150,148,145,143,142,140,137,135,133,132,129,127,125,123,122,120,118,116,115,114,112,111,109,108,106,103,100,98,95,94,93,92,91,91,90,90,89,88,88,88,87,87,87,87,87,87,88,89,91,95,99,107,116,127,137,146,152,157,160,163,92,0,0,0,0,0,0,0,0,0
174,0,0,0,0,98,195,194,193,192,191,190,188,187,185,183,181,180,178,176,174,172,170,168,166,164,162,160,158,156,153,151,150,148,145,143,142,139,137,135,133,131,129,127,125,123,121,120,118,116,115,114,113,111,110,108,105,102,99,97,95,94,93,92,92,91,90,90,89,89,88,88,88,88,87,88,88,89,90,93,96,101,109,118,129,139,148,155,159,162,164,61,0,0,0,0,0,0,0,0,0
175,0,0,0,0,101,198,197,196,195,193,192,191,189,187,186,184,182,180,178,177,175,172,170,168,166,164,162,159,158,156,153,151,150,148,145,143,141,139,137,134,132,131,129,127,124,122,121,120,118,117,116,114,113,111,109,107,104,101,98,96,95,94,93,92,92,91,91,90,90,89,89,89,88,89,89,89,90,91,94,98,103,110,120,132,141,150,156,160,163,166,58,0,0,0,0,0,0,0,0,0
176,0,0,0,0,102,200,200,199,197,196,194,193,192,190,188,187,185,183,181,178,177,175,172,170,168,166,164,162,159,158,155,153,151,149,147,145,143,140,138,136,134,132,130,128,126,124,122,121,120,118,116,115,114,112,110,108,105,103,99,97,95,95,94,93,93,93,92,91,91,90,90,90,90,90,90,90,91,92,95,99,104,112,122,133,144,152,158,162,165,163,53,0,0,0,0,0,0,0,0,0
177,0,0,0,0,104,203,203,201,200,198,197,196,194,193,191,189,187,185,183,181,179,177,175,172,170,168,166,164,161,159,158,155,153,151,149,147,145,142,140,138,136,133,131,129,128,126,124,122,120,119,118,116,115,113,112,110,107,104,101,99,97,95,95,94,94,93,92,92,92,91,91,90,90,90,90,91,91,93,96,100,106,113,124,135,145,154,159,163,166,156,0,0,0,0,0,0,0,0,0,0
178,0,0,0,0,206,206,205,204,203,201,200,198,196,195,193,191,189,187,186,184,181,179,177,175,173,170,168,166,164,161,159,157,155,153,150,148,146,144,141,139,137,135,133,131,129,127,126,124,122,121,119,118,116,114,112,111,108,105,103,100,98,96,96,95,95,94,93,93,93,92,92,92,91,91,92,92,92,94,96,101,107,115,126,138,148,155,160,164,167,152,0,0,0,0,0,0,0,0,0,0
179,0,0,0,0,209,209,208,207,205,203,202,201,199,197,195,194,192,190,187,186,184,181,179,177,175,173,170,168,166,164,161,159,156,155,152,150,147,145,143,141,138,136,134,132,130,128,127,125,123,122,120,119,118,116,114,112,110,107,104,102,100,98,97,96,96,95,95,94,94,93,93,93,92,92,93,93,93,95,97,102,108,117,128,140,150,157,162,165,169,148,0,0,0,0,0,0,0,0,0,0
180,0,0,0,0,211,211,210,208,208,206,204,203,202,200,198,196,194,192,190,188,185,184,181,179,177,175,172,170,168,165,163,161,158,156,154,152,149,147,144,143,140,138,135,133,132,130,128,126,124,123,121,120,118,117,115,113,111,108,105,103,100,99,98,97,96,96,95,95,94,94,94,94,93,93,94,94,94,96,98,104,109,119,130,143,152,158,163,167,169,136,0,0,0,0,0,0,0,0,0,0
181,0,0,0,0,213,213,212,211,210,209,207,206,204,202,201,198,196,194,192,190,188,185,184,181,179,176,175,172,170,167,164,162,160,158,155,153,151,148,146,143,141,139,137,135,133,131,129,127,125,124,123,121,119,118,116,114,112,109,107,104,102,100,99,98,97,97,96,95,95,95,95,94,94,94,94,94,95,97,100,104,111,121,133,145,154,160,165,168,170,29,0,0,0,0,0,0,0,0,0,0
182,0,0,0,0,216,216,215,214,212,211,210,208,206,204,202,201,199,196,194,192,190,188,185,183,181,179,176,174,171,169,167,164,162,160,157,155,152,150,147,145,143,140,139,136,134,132,131,129,127,125,124,122,120,119,117,116,113,111,108,105,103,101,100,99,98,97,97,96,96,96,95,95,95,95,95,95,95,98,101,105,113,123,135,147,155,162,166,169,167,28,0,0,0,0,0,0,0,0,0,0
183,0,0,0,159,218,218,217,216,214,213,211,210,208,207,205,202,201,199,196,194,192,190,187,185,183,181,178,176,173,171,169,166,164,161,159,157,154,151,149,147,144,142,139,138,136,134,131,129,128,126,124,123,122,120,118,116,114,112,109,106,104,102,101,99,99,98,97,97,97,96,96,96,95,95,95,96,97,98,101,107,114,125,138,148,156,163,167,170,166,28,0,0,0,0,0,0,0,0,0,0
184,0,0,0,160,221,220,219,218,217,216,214,212,211,209,207,205,203,201,199,196,194,192,190,187,185,182,180,178,175,172,171,168,166,163,160,158,156,153,150,148,146,143,141,139,137,135,133,131,129,128,126,124,122,121,120,117,116,113,111,108,105,102,101,100,99,99,98,97,97,97,96,96,96,96,96,96,97,99,103,108,117,127,140,149,157,164,168,170,162,26,0,0,0,0,0,0,0,0,0,0
185,0,0,0,162,223,222,221,220,219,217,216,214,213,211,209,207,205,203,201,199,196,193,191,189,187,184,182,179,177,175,172,169,167,165,162,159,157,155,152,149,147,145,143,141,138,136,135,133,131,129,128,126,124,122,121,119,117,114,112,109,107,104,102,101,100,99,99,98,98,97,97,96,96,96,96,97,98,100,104,110,118,130,142,150,159,166,169,171,155,0,0,0,0,0,0,0,0,0,0,0
186,0,0,0,164,225,225,224,222,221,220,218,217,215,213,211,210,207,205,203,201,198,196,193,191,189,186,184,181,178,177,174,171,169,167,164,161,159,156,154,151,148,146,144,142,140,138,135,134,132,130,128,127,125,123,122,119,118,116,113,111,108,106,103,101,100,100,99,99,98,98,97,97,97,97,97,98,99,101,105,112,120,133,144,153,161,167,170,173,152,0,0,0,0,0,0,0,0,0,0,0
187,0,0,0,196,228,227,226,225,223,222,221,219,217,215,213,211,210,207,205,202,201,198,195,193,190,188,186,183,180,178,176,173,171,168,166,163,160,158,155,153,150,147,145,144,142,139,137,135,134,132,130,128,127,125,123,121,119,117,114,112,109,107,105,102,101,100,100,99,99,98,98,98,98,98,98,98,100,102,106,114,122,134,146,155,163,168,171,173,148,0,0,0,0,0,0,0,0,0,0,0
188,0,0,0,229,229,229,228,227,226,224,223,221,219,218,215,213,211,209,207,205,202,200,197,195,192,189,187,185,182,180,177,174,172,170,167,164,162,159,156,153,151,149,147,145,143,140,139,137,134,133,131,129,127,125,123,122,120,118,116,113,111,108,105,103,102,101,100,100,99,99,98,98,98,98,98,99,101,103,107,115,124,136,148,157,164,168,172,173,141,0,0,0,0,0,0,0,0,0,0,0
189,0,0,0,232,232,231,230,229,228,226,225,223,221,219,218,216,213,211,208,206,204,201,199,197,194,191,189,186,184,182,179,176,174,171,168,165,163,160,158,155,152,150,148,146,144,141,140,138,136,134,132,131,129,127,124,123,121,119,116,114,112,109,107,104,103,101,101,100,100,99,99,99,99,99,99,100,102,104,109,117,127,138,149,158,166,169,174,173,130,0,0,0,0,0,0,0,0,0,0,0
190,0,0,0,234,234,232,232,231,230,228,227,225,223,221,219,217,215,213,210,208,205,203,200,198,195,193,190,188,185,182,180,177,175,172,170,167,164,162,159,156,154,151,149,147,145,143,141,138,137,135,133,131,130,128,126,123,122,120,118,115,113,111,108,105,103,102,101,101,100,100,100,99,99,99,100,101,102,105,111,119,129,140,151,160,166,170,174,172,0,0,0,0,0,0,0,0,0,0,0,0
191,0,0,72,235,235,234,234,233,232,230,229,227,225,223,221,219,216,215,212,210,207,205,202,199,197,194,192,189,187,184,182,178,176,174,171,168,165,163,160,157,155,153,150,148,146,144,142,140,138,136,134,132,130,128,126,124,123,120,118,116,114,111,109,105,104,103,102,101,101,100,100,100,100,100,100,102,103,106,113,120,131,143,152,162,167,171,175,172,0,0,0,0,0,0,0,0,0,0,0,0
192,0,0,221,237,237,237,236,235,233,233,231,229,227,225,223,221,218,216,214,212,209,206,203,201,199,196,193,190,188,185,182,180,177,175,172,169,166,164,161,158,156,153,151,149,146,144,142,141,139,137,135,133,131,129,127,126,124,121,119,117,115,112,110,105,104,103,102,102,101,101,101,100,100,100,100,102,103,108,114,122,133,144,155,162,169,172,175,171,0,0,0,0,0,0,0,0,0,0,0,0
193,0,0,226,239,239,239,238,237,236,234,232,231,229,226,224,222,220,218,215,213,210,207,205,202,199,197,194,192,189,187,184,181,178,175,173,170,168,164,162,159,157,154,151,149,147,145,143,142,140,137,135,134,132,130,128,126,124,122,120,118,116,113,111,106,105,104,103,102,102,102,101,101,101,101,101,103,104,109,115,124,134,146,156,163,169,173,175,169,0,0,0,0,0,0,0,0,0,0,0,0
194,0,0,229,241,240,240,239,238,237,236,234,232,231,228,226,224,221,219,217,214,211,209,206,204,201,198,195,193,190,187,185,182,179,177,174,171,169,166,163,160,158,155,152,150,148,146,144,142,140,138,137,134,132,131,128,127,125,123,120,118,116,114,111,107,105,104,103,103,103,102,102,101,101,101,101,103,106,110,117,125,136,148,158,165,170,174,175,148,0,0,0,0,0,0,0,0,0,0,0,0
195,0,41,243,242,242,242,241,240,238,238,236,234,232,230,228,225,223,220,218,216,213,210,207,205,202,199,197,194,191,189,185,183,180,178,175,172,170,166,164,161,158,155,153,151,149,147,145,143,141,139,137,135,133,131,129,128,125,123,121,119,117,115,112,107,106,105,104,103,103,102,102,102,102,102,102,105,107,111,118,127,139,150,159,166,172,175,176,126,0,0,0,0,0,0,0,0,0,0,0,0
196,0,41,245,244,244,244,243,241,240,239,237,236,233,231,229,227,224,221,219,216,214,211,208,206,203,200,197,195,192,190,186,184,181,178,176,173,170,167,165,161,159,156,153,151,149,147,146,144,141,139,138,136,134,131,129,128,126,124,121,120,118,116,113,107,106,105,105,104,103,103,102,102,102,102,103,106,108,112,120,129,141,152,161,166,173,175,176,122,0,0,0,0,0,0,0,0,0,0,0,0
197,0,42,246,245,245,245,243,243,242,240,238,236,234,232,230,227,225,222,220,217,215,212,209,206,203,201,198,195,193,190,187,184,181,179,176,173,170,168,165,162,159,156,154,152,150,148,146,144,142,140,138,136,134,132,130,128,126,124,122,120,118,116,111,107,106,106,105,104,104,103,103,102,102,102,104,106,109,114,121,131,143,153,162,168,173,176,177,120,0,0,0,0,0,0,0,0,0,0,0,0
198,0,42,248,247,247,246,245,244,243,242,240,237,235,233,231,229,226,223,221,219,215,213,210,207,204,201,199,196,193,191,187,185,182,180,177,173,171,168,165,162,159,157,154,152,150,148,147,145,142,140,138,137,134,132,130,129,127,124,122,120,119,117,111,107,107,106,105,104,104,103,103,103,103,103,104,106,110,116,123,132,145,154,163,169,174,176,178,118,0,0,0,0,0,0,0,0,0,0,0,0
199,0,42,249,249,248,247,246,245,244,242,241,239,236,234,232,230,227,224,221,219,216,213,210,208,205,202,199,196,194,191,188,185,182,180,177,174,171,168,165,162,160,156,155,153,150,148,147,145,142,140,139,137,135,132,130,129,127,125,123,121,119,117,111,107,107,106,105,105,104,104,103,103,103,104,105,107,111,117,124,135,146,156,165,170,175,177,178,115,0,0,0,0,0,0,0,0,0,0,0,0
200,0,248,251,250,249,248,247,246,245,243,241,240,237,235,232,230,228,225,222,219,216,213,211,208,205,202,200,197,194,191,188,186,183,180,177,174,171,168,166,162,160,157,155,153,151,148,146,145,142,140,138,137,135,133,131,129,127,125,123,121,119,117,111,108,107,106,106,105,104,104,104,103,103,104,106,107,111,118,126,137,147,157,166,171,176,177,179,34,0,0,0,0,0,0,0,0,0,0,0,0
201,0,250,251,251,250,249,248,247,245,244,242,240,238,235,233,231,228,225,222,220,217,214,211,208,206,202,200,197,194,192,189,186,183,181,177,174,172,168,166,162,160,157,155,153,150,148,146,145,142,140,139,137,135,133,131,129,127,125,123,121,120,118,111,108,107,106,106,105,105,104,104,104,104,105,106,108,112,118,127,138,149,159,167,172,177,179,175,0,0,0,0,0,0,0,0,0,0,0,0,0
202,0,250,252,251,250,250,249,248,246,244,243,241,238,236,234,231,228,226,223,220,217,214,211,209,206,203,200,197,194,192,189,186,183,181,177,174,171,168,166,162,160,156,155,152,150,148,147,145,143,140,138,137,135,133,131,129,127,125,123,121,119,117,111,108,107,107,106,105,105,104,104,104,104,105,106,110,113,119,128,140,151,161,168,172,178,179,174,0,0,0,0,0,0,0,0,0,0,0,0,0
203,0,251,253,252,251,250,249,248,246,245,243,241,238,236,234,231,228,226,223,220,217,214,211,208,206,202,200,197,194,191,189,186,183,181,177,174,171,168,166,162,159,156,154,152,150,148,146,144,142,140,139,137,135,133,131,129,127,125,123,121,119,117,111,108,107,107,106,105,105,105,104,104,104,105,106,110,114,121,130,141,152,162,168,173,178,179,172,0,0,0,0,0,0,0,0,0,0,0,0,0
204,0,252,253,253,251,251,250,248,247,245,243,241,239,236,234,231,228,226,223,220,217,214,211,208,205,202,199,197,194,191,188,186,183,180,177,174,171,168,165,162,159,156,154,152,150,148,146,144,142,140,138,137,134,132,130,129,127,125,123,120,119,117,109,108,108,107,106,105,105,105,104,104,104,106,107,111,115,122,132,142,154,162,170,174,179,179,171,0,0,0,0,0,0,0,0,0,0,0,0,0
205,0,253,254,253,252,251,250,248,246,244,243,241,238,236,233,231,228,225,222,219,217,214,211,208,205,202,199,197,194,191,188,185,182,180,177,173,170,167,165,161,159,155,153,152,149,147,146,144,142,140,138,136,134,132,130,129,127,125,122,121,119,117,109,108,107,107,106,105,105,105,104,104,105,106,107,111,116,123,134,144,156,164,171,176,179,180,169,0,0,0,0,0,0,0,0,0,0,0,0,0
206,0,253,254,253,252,251,249,248,246,244,243,240,238,235,233,231,228,225,222,219,216,213,210,207,205,201,199,196,193,191,187,185,182,179,176,172,170,167,164,161,158,155,153,151,149,147,145,143,141,139,138,136,134,132,130,128,126,124,122,121,118,116,109,108,108,107,106,105,105,105,104,105,105,106,108,112,116,125,135,146,157,165,172,177,180,180,164,0,0,0,0,0,0,0,0,0,0,0,0,0
207,0,253,253,253,251,250,249,247,246,244,242,240,238,235,233,230,227,225,222,219,216,213,210,207,204,201,198,195,192,190,187,184,181,178,175,172,169,166,163,160,157,155,152,150,148,146,144,142,141,139,137,135,133,131,129,128,126,124,122,120,118,116,109,108,107,106,106,105,105,105,104,105,106,107,109,113,117,126,137,148,158,166,173,178,180,181,95,0,0,0,0,0,0,0,0,0,0,0,0,0
208,0,252,253,252,251,250,249,247,245,244,242,239,237,235,232,229,227,224,221,218,215,212,209,206,203,200,197,194,192,189,186,183,180,177,174,171,168,165,163,159,157,154,152,150,148,145,144,142,140,138,136,134,133,131,129,127,125,123,121,119,118,115,109,108,107,106,106,105,105,105,104,105,106,107,109,114,118,128,139,149,159,167,174,179,181,181,93,0,0,0,0,0,0,0,0,0,0,0,0,0
209,0,252,252,251,250,249,248,246,245,243,241,239,236,234,231,229,226,223,220,217,214,211,208,205,203,199,196,193,191,188,185,182,179,176,173,170,167,164,162,158,155,153,151,149,147,145,143,141,139,137,136,134,132,130,128,126,124,122,120,119,117,114,109,108,107,106,106,105,105,105,105,106,107,108,110,115,120,130,140,151,161,168,175,179,181,182,90,0,0,0,0,0,0,0,0,0,0,0,0,0
210,0,250,251,250,249,248,247,245,244,242,240,237,235,233,230,227,224,222,219,216,213,210,207,204,201,198,195,193,190,187,184,181,178,175,172,169,166,163,160,158,154,152,150,148,146,144,142,140,138,137,135,133,131,129,127,125,123,121,120,118,116,112,109,108,107,106,106,105,105,105,105,106,108,109,111,115,121,131,142,153,162,169,177,180,182,183,88,0,0,0,0,0,0,0,0,0,0,0,0,0
211,0,246,250,249,248,247,246,245,243,241,239,237,234,231,229,226,224,220,218,215,212,209,206,203,200,197,194,191,189,185,183,180,177,173,171,168,165,162,159,156,154,151,149,147,145,143,141,139,138,136,133,132,130,128,126,124,122,121,119,118,116,111,109,107,107,106,106,105,105,105,105,106,107,109,111,117,123,133,144,154,164,171,177,181,182,183,85,0,0,0,0,0,0,0,0,0,0,0,0,0
212,0,243,249,248,247,246,245,243,241,239,237,235,233,230,227,225,222,219,216,213,211,208,205,202,198,196,193,190,187,185,181,179,175,172,169,166,163,160,158,155,152,150,148,146,144,142,140,138,136,134,132,131,129,127,125,123,122,120,118,116,115,110,108,107,107,106,106,105,105,106,106,106,107,109,112,118,124,135,145,156,165,172,179,181,183,183,81,0,0,0,0,0,0,0,0,0,0,0,0,0
213,0,67,247,246,245,244,243,241,239,238,236,234,231,229,226,223,220,218,215,212,209,206,203,200,197,194,191,188,186,183,180,177,174,171,168,165,162,159,156,153,151,149,147,145,143,140,139,137,135,133,131,130,128,126,124,123,121,119,117,115,114,109,108,107,107,106,106,105,105,106,106,106,107,110,113,119,126,136,147,158,166,173,179,182,184,183,10,0,0,0,0,0,0,0,0,0,0,0,0,0
214,0,41,244,244,244,242,241,239,238,236,234,232,229,227,225,222,219,216,213,210,207,204,201,199,195,193,190,187,184,181,178,175,172,169,166,163,160,158,155,152,149,147,146,144,142,140,138,136,134,132,131,129,127,125,123,122,120,118,117,115,113,109,107,107,107,106,106,105,105,106,106,106,108,110,114,120,129,138,149,160,168,175,180,183,185,184,0,0,0,0,0,0,0,0,0,0,0,0,0,0
215,0,40,240,242,242,241,239,238,236,234,232,231,228,225,222,219,217,214,211,208,206,202,200,197,194,191,188,185,182,179,176,173,170,167,164,161,159,156,154,151,148,146,144,143,140,138,136,135,133,131,129,127,126,124,122,120,119,117,116,114,112,108,107,107,106,106,106,105,105,106,106,107,109,111,115,121,130,140,151,161,169,176,182,184,185,182,0,0,0,0,0,0,0,0,0,0,0,0,0,0
216,0,40,238,240,240,239,238,236,234,232,231,228,226,223,220,218,215,211,209,206,204,200,198,195,192,189,186,183,180,177,174,171,168,166,162,160,157,154,152,149,146,145,143,141,139,137,136,134,131,129,128,127,125,123,121,120,118,116,114,113,111,108,107,106,106,106,105,105,105,105,106,107,109,112,116,122,131,141,152,162,171,177,182,184,186,179,0,0,0,0,0,0,0,0,0,0,0,0,0,0
217,0,39,234,237,237,237,236,234,232,231,228,226,224,221,218,215,212,210,207,204,201,199,195,192,189,187,184,181,178,175,172,169,166,163,160,158,155,152,150,147,145,144,142,140,138,136,134,132,130,129,127,125,124,122,120,119,117,115,114,112,110,107,107,106,106,105,105,105,105,105,106,107,109,112,117,124,133,143,154,164,173,178,183,185,186,178,0,0,0,0,0,0,0,0,0,0,0,0,0,0
218,0,0,219,234,235,235,233,232,231,228,226,224,221,219,216,213,210,208,205,202,199,196,193,190,187,184,181,178,176,172,170,167,164,161,159,156,153,150,148,146,143,143,141,139,137,135,132,131,129,127,126,124,122,121,119,117,116,114,113,111,109,107,106,106,105,105,105,105,105,105,106,108,110,113,118,125,134,144,155,165,173,180,184,186,186,175,0,0,0,0,0,0,0,0,0,0,0,0,0,0
219,0,0,215,230,232,233,232,230,228,226,224,222,219,216,213,210,208,205,202,199,197,193,191,187,185,182,179,176,173,171,167,165,162,159,157,153,151,148,147,144,143,141,140,138,135,133,132,130,128,126,124,123,122,120,118,116,115,113,112,110,108,107,106,106,105,105,105,105,105,106,107,108,111,114,119,126,135,146,156,167,174,181,185,186,187,173,0,0,0,0,0,0,0,0,0,0,0,0,0,0
220,0,0,211,227,229,230,229,228,226,224,222,219,217,214,211,208,205,202,199,197,193,191,188,185,182,179,177,173,171,168,165,162,159,157,154,152,149,147,144,142,141,140,138,136,134,132,130,128,126,125,124,122,120,118,116,115,114,112,111,109,108,106,106,105,105,105,105,105,105,106,107,109,112,115,120,127,137,147,158,168,175,181,185,187,187,170,0,0,0,0,0,0,0,0,0,0,0,0,0,0
221,0,0,99,224,226,227,227,226,224,222,220,217,214,212,208,205,202,199,197,194,191,188,185,182,179,177,174,171,168,165,163,160,157,155,152,149,147,145,142,140,140,139,137,134,133,131,129,127,125,124,122,121,119,117,116,114,113,112,111,109,107,106,105,105,105,105,105,105,106,106,107,109,113,116,121,129,138,149,159,169,177,183,186,187,188,169,0,0,0,0,0,0,0,0,0,0,0,0,0,0
222,0,0,0,221,223,224,224,224,222,220,217,215,212,209,206,202,200,197,194,191,188,185,182,179,176,174,171,168,165,163,160,158,155,152,150,147,145,142,140,138,139,137,135,134,132,130,127,126,124,123,121,119,118,116,114,113,112,111,110,108,106,105,105,105,105,105,105,105,106,106,108,110,113,117,122,130,139,150,160,170,177,183,187,188,188,58,0,0,0,0,0,0,0,0,0,0,0,0,0,0
223,0,0,0,217,220,221,222,221,219,218,215,212,209,206,203,200,196,193,191,188,185,182,179,176,174,171,168,165,163,160,157,155,152,150,147,145,142,141,138,136,138,136,134,132,130,129,127,125,123,121,119,118,117,115,113,113,111,110,109,107,106,105,105,105,105,106,105,106,106,107,109,111,113,118,123,130,141,152,161,172,179,185,187,188,188,57,0,0,0,0,0,0,0,0,0,0,0,0,0,0
224,0,0,0,177,216,218,220,219,217,215,213,210,207,203,200,196,193,190,187,184,182,179,176,173,170,168,165,163,160,157,155,152,150,147,145,143,141,138,136,135,136,135,133,131,129,127,125,123,122,121,119,117,115,114,113,111,110,109,108,107,106,105,105,105,105,105,105,106,106,107,109,111,114,119,124,132,142,152,163,174,180,186,188,189,188,58,0,0,0,0,0,0,0,0,0,0,0,0,0,0
225,0,0,0,154,213,215,217,217,214,213,210,208,204,201,197,194,190,187,184,181,178,175,173,170,167,164,162,160,157,154,153,150,148,145,143,141,139,136,135,134,135,133,131,130,128,126,124,122,121,119,118,116,115,113,112,110,110,108,107,106,105,105,105,105,105,105,105,106,107,108,110,112,115,120,125,134,144,154,165,174,181,186,188,189,188,58,0,0,0,0,0,0,0,0,0,0,0,0,0,0
226,0,0,0,151,210,212,214,215,212,210,208,205,202,198,194,191,187,184,181,178,175,172,169,166,165,162,159,157,154,152,150,147,145,143,141,138,136,135,133,133,134,131,130,128,126,124,123,121,120,118,116,115,114,112,110,110,109,108,107,106,105,105,105,105,105,105,106,106,107,108,110,113,115,120,126,135,145,156,166,176,183,188,188,190,187,57,0,0,0,0,0,0,0,0,0,0,0,0,0,0
227,0,0,0,148,206,210,211,212,211,209,206,202,199,195,192,188,185,181,177,174,171,168,166,164,161,158,156,154,152,149,147,145,143,140,138,136,135,133,131,132,133,131,129,127,125,124,122,120,118,117,115,114,112,110,109,109,108,107,107,106,105,105,105,105,105,106,106,107,108,109,111,113,116,121,127,136,147,157,168,177,184,188,189,190,186,57,0,0,0,0,0,0,0,0,0,0,0,0,0,0
228,0,0,0,0,203,207,208,209,209,207,204,200,196,193,189,186,181,178,174,171,168,165,163,160,158,156,153,151,149,147,144,142,140,138,136,135,133,131,129,131,131,129,127,125,124,122,120,119,117,116,114,113,112,110,109,108,107,107,107,106,105,105,105,105,105,106,107,108,108,110,111,114,117,122,129,138,148,159,170,178,185,188,190,190,187,52,0,0,0,0,0,0,0,0,0,0,0,0,0,0
229,0,0,0,0,201,203,206,206,207,205,201,198,194,191,186,182,178,174,171,167,165,162,160,157,154,153,150,148,146,145,142,140,138,136,135,133,131,129,128,130,129,127,126,125,123,121,119,118,116,115,113,112,110,109,108,108,107,107,107,106,105,105,106,106,106,107,107,108,109,110,112,115,119,124,131,140,150,161,171,179,186,189,190,190,187,51,0,0,0,0,0,0,0,0,0,0,0,0,0,0
230,0,0,0,0,198,201,203,204,205,203,200,196,192,188,184,179,175,171,167,164,161,159,156,154,152,149,147,146,144,142,139,137,136,134,133,131,130,128,127,129,128,127,125,123,121,119,118,117,115,114,113,111,110,109,108,108,107,106,107,105,105,106,106,106,107,107,108,109,109,111,113,115,120,124,131,141,152,163,172,181,187,190,191,189,187,6,0,0,0,0,0,0,0,0,0,0,0,0,0,0
231,0,0,0,0,100,198,201,202,203,201,198,194,190,186,181,177,172,168,164,161,158,156,153,151,148,147,145,143,140,139,137,136,134,132,130,129,128,126,125,128,127,125,123,121,120,118,117,116,114,113,111,110,109,108,108,108,107,107,108,105,105,106,106,107,107,108,109,109,110,112,114,116,120,126,133,143,154,165,174,183,188,191,192,190,188,0,0,0,0,0,0,0,0,0,0,0,0,0,0,0
232,0,0,0,0,98,195,198,200,200,200,196,193,189,184,179,174,169,165,162,158,155,153,150,148,146,144,142,140,138,137,135,134,132,130,129,128,126,125,124,127,125,124,123,121,119,117,116,114,113,112,110,109,108,108,108,107,108,108,108,105,106,106,107,107,107,108,109,110,111,112,114,117,121,127,135,145,156,166,176,184,190,191,192,191,186,0,0,0,0,0,0,0,0,0,0,0,0,0,0,0
233,0,0,0,0,97,193,195,198,199,198,195,192,188,183,178,173,167,163,159,155,152,149,147,145,144,141,139,137,136,135,133,131,131,129,127,126,124,124,122,126,124,123,121,119,117,116,115,114,112,111,110,109,108,107,107,107,107,108,107,106,106,107,107,107,108,109,110,110,111,113,115,118,123,129,136,146,157,168,178,185,190,192,192,191,181,0,0,0,0,0,0,0,0,0,0,0,0,0,0,0
234,0,0,0,0,28,190,193,195,197,196,194,190,186,181,176,171,165,160,156,152,149,147,145,143,141,139,137,136,134,132,130,130,128,127,125,124,123,122,121,124,123,122,120,118,116,115,114,113,111,110,109,108,108,107,107,107,107,107,107,107,107,107,107,108,109,109,110,111,112,114,116,120,123,130,139,148,159,170,180,186,191,192,192,191,176,0,0,0,0,0,0,0,0,0,0,0,0,0,0,0
235,0,0,0,0,0,187,190,193,194,194,193,189,185,180,175,169,163,157,153,150,147,144,142,140,138,137,135,133,131,130,129,128,126,125,124,123,122,120,120,123,122,120,118,117,115,114,113,112,111,110,109,108,107,107,107,108,108,108,108,107,107,107,108,109,109,110,110,111,112,114,117,121,125,132,141,151,162,172,181,187,192,192,193,191,171,0,0,0,0,0,0,0,0,0,0,0,0,0,0,0
236,0,0,0,0,0,185,188,190,193,192,192,189,185,179,174,168,161,156,151,146,145,142,140,138,136,135,133,131,130,128,127,126,125,124,123,121,120,119,120,122,120,119,118,116,114,113,112,111,110,109,108,108,107,107,107,108,108,108,108,108,108,108,109,109,110,110,111,112,113,115,118,121,126,134,143,153,164,175,183,189,192,194,193,191,17,0,0,0,0,0,0,0,0,0,0,0,0,0,0,0
237,0,0,0,0,0,183,185,188,190,191,190,188,183,178,173,167,159,154,149,145,142,140,138,136,134,132,130,129,128,126,125,124,123,122,121,120,119,118,120,121,120,118,116,115,113,113,112,111,110,109,109,108,107,107,108,109,109,109,108,108,108,109,109,110,110,111,111,112,114,115,119,122,128,135,144,155,166,177,185,191,193,195,193,191,17,0,0,0,0,0,0,0,0,0,0,0,0,0,0,0
238,0,0,0,0,0,112,183,186,188,190,189,186,183,178,172,165,159,152,147,143,140,138,136,133,132,131,129,127,126,125,124,123,121,120,119,118,117,115,120,119,118,117,115,114,113,112,111,110,109,109,108,108,108,108,108,109,109,110,109,108,109,109,110,110,111,111,112,113,114,116,120,124,130,137,147,158,169,178,185,191,194,195,193,191,17,0,0,0,0,0,0,0,0,0,0,0,0,0,0,0
239,0,0,0,0,0,52,182,184,186,189,187,185,181,177,171,165,157,151,146,141,138,136,133,131,130,128,127,125,125,124,122,121,120,119,118,116,115,114,119,118,117,116,115,113,112,111,110,110,109,109,108,108,108,108,109,109,110,111,109,109,109,110,110,111,111,112,113,114,115,117,121,125,131,139,149,160,171,180,187,193,195,195,194,190,16,0,0,0,0,0,0,0,0,0,0,0,0,0,0,0
240,0,0,0,0,0,51,180,183,184,186,187,184,180,176,171,163,156,150,144,140,136,133,131,130,128,126,125,124,123,122,120,119,118,117,116,114,113,112,118,117,116,115,114,113,112,111,110,110,109,109,109,108,108,108,109,110,111,112,110,109,110,110,111,111,112,112,114,115,116,118,122,126,133,141,152,162,173,181,188,194,195,195,195,189,15,0,0,0,0,0,0,0,0,0,0,0,0,0,0,0
241,0,0,0,0,0,51,178,181,183,185,185,182,179,175,169,164,156,149,142,138,135,132,130,128,126,124,123,122,121,120,119,118,116,115,114,113,111,110,117,116,115,114,114,113,112,111,110,109,109,109,109,108,108,109,109,111,113,113,110,110,111,111,111,112,113,113,114,115,117,119,122,127,134,142,153,164,175,182,189,195,196,196,195,190,15,0,0,0,0,0,0,0,0,0,0,0,0,0,0,0
242,0,0,0,0,0,0,176,179,181,183,184,182,178,174,169,163,155,148,141,137,134,130,128,126,124,123,121,120,119,118,117,116,114,113,111,111,109,108,117,115,115,114,113,112,111,110,110,109,109,109,109,108,109,109,110,111,113,113,110,111,111,112,112,113,113,114,115,116,118,120,123,129,135,144,155,166,177,184,191,196,196,196,195,168,0,0,0,0,0,0,0,0,0,0,0,0,0,0,0,0
243,0,0,0,0,0,0,173,178,179,181,182,181,176,173,167,162,155,147,140,135,132,128,126,123,122,121,119,118,117,116,115,114,112,111,110,109,107,109,116,115,114,114,113,112,111,110,110,109,109,109,109,109,110,111,111,112,113,112,111,111,112,112,113,113,114,114,115,117,119,121,125,130,137,146,157,168,178,186,193,196,197,197,196,168,0,0,0,0,0,0,0,0,0,0,0,0,0,0,0,0
244,0,0,0,0,0,0,171,176,179,180,181,180,176,171,166,161,154,146,139,134,130,127,124,122,120,119,117,116,115,114,113,112,111,109,108,107,107,109,115,114,114,113,112,111,111,110,110,110,109,109,109,110,112,112,113,113,114,113,112,112,113,113,113,114,114,115,116,117,120,122,126,132,139,149,159,170,180,188,194,197,197,197,196,166,0,0,0,0,0,0,0,0,0,0,0,0,0,0,0,0
245,0,0,0,0,0,0,93,175,177,179,180,179,175,171,165,160,153,146,138,132,129,126,123,120,118,117,116,114,113,112,111,110,109,108,107,107,107,109,115,114,113,113,112,111,111,110,110,110,110,109,110,110,111,113,113,114,114,113,112,113,113,113,114,114,115,116,117,118,121,123,127,134,141,150,161,172,182,189,195,197,198,197,196,160,0,0,0,0,0,0,0,0,0,0,0,0,0,0,0,0
246,0,0,0,0,0,0,12,172,175,177,179,178,175,170,165,159,152,145,137,131,128,124,122,118,117,115,114,112,111,111,109,109,108,108,107,107,107,110,114,113,113,113,112,111,111,110,110,110,110,110,110,111,111,113,113,114,114,114,113,113,114,114,115,115,115,116,118,119,121,124,129,135,143,152,163,173,183,190,195,198,198,198,197,124,0,0,0,0,0,0,0,0,0,0,0,0,0,0,0,0
247,0,0,0,0,0,0,12,170,175,176,178,177,174,168,164,158,151,143,136,131,126,122,120,117,115,113,112,111,110,109,108,108,108,107,107,107,107,114,114,113,113,113,112,111,111,111,111,111,111,111,111,112,112,113,114,115,115,114,114,114,114,115,115,116,116,117,119,120,123,125,131,137,145,155,165,175,184,192,196,199,199,198,197,0,0,0,0,0,0,0,0,0,0,0,0,0,0,0,0,0
248,0,0,0,0,0,0,12,169,174,176,176,175,173,168,162,157,150,142,135,130,124,121,118,116,114,111,110,110,109,108,108,108,107,107,107,107,107,114,114,113,113,113,112,112,111,111,111,111,111,111,112,112,113,114,115,116,116,115,114,114,115,116,116,116,117,118,119,121,123,127,132,139,147,157,167,177,186,193,197,200,199,199,197,0,0,0,0,0,0,0,0,0,0,0,0,0,0,0,0,0
249,0,0,0,0,0,0,8,160,172,175,175,175,172,167,162,155,149,141,134,128,123,119,116,114,112,111,110,109,108,108,108,107,107,107,107,107,109,114,114,113,113,113,112,112,112,112,112,112,112,112,112,113,114,114,116,116,117,115,115,115,115,116,117,117,118,119,120,122,124,128,134,140,149,159,169,180,188,194,198,200,199,198,197,0,0,0,0,0,0,0,0,0,0,0,0,0,0,0,0,0
250,0,0,0,0,0,0,0,142,171,174,174,175,171,166,160,153,146,139,133,127,122,118,115,113,111,110,109,109,108,108,108,108,108,108,108,108,110,114,113,113,113,113,113,112,112,112,112,113,113,113,113,114,114,115,116,116,117,116,116,116,116,117,118,118,118,120,121,122,126,130,136,142,151,161,171,181,189,195,198,201,200,198,195,0,0,0,0,0,0,0,0,0,0,0,0,0,0,0,0,0
251,0,0,0,0,0,0,0,141,170,173,174,174,170,165,159,152,145,138,132,126,120,117,114,113,110,109,109,108,108,108,108,108,108,108,108,108,111,114,114,113,113,113,113,113,113,113,113,113,113,114,114,114,115,115,116,116,117,116,116,117,117,117,118,119,119,121,122,124,127,131,137,144,153,164,174,183,191,196,198,201,200,198,192,0,0,0,0,0,0,0,0,0,0,0,0,0,0,0,0,0
252,0,0,0,0,0,0,0,140,170,172,173,173,170,164,158,151,144,137,130,124,120,116,114,112,110,109,109,109,108,108,108,108,108,108,108,109,112,114,114,114,114,114,113,113,113,113,113,114,114,114,115,115,115,116,116,116,117,117,117,117,118,118,119,119,120,121,123,125,128,133,138,146,155,166,176,185,192,196,199,201,200,199,128,0,0,0,0,0,0,0,0,0,0,0,0,0,0,0,0,0
253,0,0,0,0,0,0,0,139,168,171,173,172,169,164,158,152,144,136,130,124,120,116,114,112,110,110,109,109,108,108,108,108,109,109,110,111,112,114,114,114,114,114,114,114,114,114,114,115,115,115,115,116,116,117,118,118,118,118,118,118,118,119,120,120,121,122,124,126,129,134,140,148,157,168,178,187,193,197,200,202,200,199,129,0,0,0,0,0,0,0,0,0,0,0,0,0,0,0,0,0
254,0,0,0,0,0,0,0,21,168,171,171,170,169,163,158,151,144,137,130,124,120,116,113,112,111,110,109,109,109,109,109,109,109,110,110,112,113,114,114,114,114,114,115,115,115,115,115,116,116,116,117,117,117,118,119,119,119,118,118,119,119,120,120,121,122,123,124,127,130,135,142,150,160,171,179,187,194,198,201,202,201,199,129,0,0,0,0,0,0,0,0,0,0,0,0,0,0,0,0,0
255,0,0,0,0,0,0,0,0,167,170,171,170,168,163,158,151,144,137,130,124,120,116,114,112,111,110,110,109,109,109,109,109,110,110,110,112,114,114,114,115,115,115,115,115,115,116,116,116,116,117,118,118,118,119,119,120,119,119,119,119,120,120,121,122,123,124,126,128,132,137,143,152,162,173,181,189,195,199,202,202,201,200,127,0,0,0,0,0,0,0,0,0,0,0,0,0,0,0,0,0
256,0,0,0,0,0,0,0,0,166,170,172,171,168,163,158,151,145,137,131,125,121,117,114,113,111,111,110,110,110,110,110,110,110,110,111,113,114,114,115,115,115,115,116,116,116,116,117,117,117,118,118,118,119,119,120,121,120,119,120,120,121,121,122,122,123,125,127,130,133,139,145,154,164,175,183,191,197,200,202,203,202,200,89,0,0,0,0,0,0,0,0,0,0,0,0,0,0,0,0,0
257,0,0,0,0,0,0,0,0,166,169,172,171,168,164,158,152,145,138,132,126,121,117,115,113,112,111,111,110,110,111,111,111,111,111,112,114,114,115,115,115,116,116,116,117,117,117,118,118,118,119,119,119,120,120,121,121,121,120,120,121,122,122,123,123,124,126,128,131,135,140,148,157,167,177,185,192,198,201,203,203,202,200,0,0,0,0,0,0,0,0,0,0,0,0,0,0,0,0,0,0
258,0,0,0,0,0,0,0,0,104,168,171,171,168,164,159,152,146,140,134,127,122,118,116,114,113,112,111,111,111,111,111,112,112,112,113,114,115,115,115,116,116,116,117,117,117,118,118,119,119,119,120,120,120,121,121,122,122,121,121,122,122,123,123,124,125,128,129,132,137,142,150,159,169,179,187,193,199,202,204,203,202,201,0,0,0,0,0,0,0,0,0,0,0,0,0,0,0,0,0,0
259,0,0,0,0,0,0,0,0,104,168,171,172,168,164,159,153,148,141,135,128,123,120,116,115,113,112,112,112,112,112,112,112,112,113,113,114,115,115,116,116,116,117,117,118,118,118,119,119,120,120,120,121,121,121,122,122,122,121,122,122,123,123,124,125,126,128,130,134,139,144,152,161,171,181,189,194,200,203,204,203,202,197,0,0,0,0,0,0,0,0,0,0,0,0,0,0,0,0,0,0
260,0,0,0,0,0,0,0,0,95,168,170,172,168,165,160,154,148,142,136,129,125,121,117,116,114,113,113,113,112,112,113,113,113,114,114,115,115,116,116,116,117,117,118,118,119,119,119,120,120,121,121,121,122,122,122,123,123,122,122,123,124,124,125,126,127,129,132,135,140,146,154,164,174,182,190,196,201,203,205,204,202,87,0,0,0,0,0,0,0,0,0,0,0,0,0,0,0,0,0,0
261,0,0,0,0,0,0,0,0,0,168,170,172,168,165,161,155,150,144,138,131,127,123,119,117,115,114,114,113,113,113,114,114,114,114,115,115,116,116,116,117,117,118,118,119,119,120,120,120,121,121,121,122,122,123,123,123,123,123,123,124,124,125,126,127,128,130,133,137,142,148,157,166,176,184,192,197,202,204,205,204,203,87,0,0,0,0,0,0,0,0,0,0,0,0,0,0,0,0,0,0
262,0,0,0,0,0,0,0,0,0,168,170,172,169,166,161,156,151,146,139,133,128,123,120,118,116,115,115,114,114,114,114,115,115,115,115,116,116,116,117,117,118,118,119,119,119,120,120,121,121,121,122,122,122,123,123,123,123,124,124,125,125,126,127,128,130,132,135,138,144,151,159,169,178,186,193,198,203,205,206,204,203,85,0,0,0,0,0,0,0,0,0,0,0,0,0,0,0,0,0,0
263,0,0,0,0,0,0,0,0,0,168,170,172,171,167,162,158,152,146,141,135,129,124,122,120,117,116,115,115,115,115,115,115,115,116,116,116,116,117,117,118,118,118,119,119,120,120,121,121,122,122,122,123,123,123,123,124,124,124,125,126,126,127,128,129,130,133,136,140,146,152,162,172,180,188,194,199,204,205,206,205,203,63,0,0,0,0,0,0,0,0,0,0,0,0,0,0,0,0,0,0
264,0,0,0,0,0,0,0,0,0,78,171,173,172,168,164,160,154,148,143,137,131,126,123,121,119,117,117,116,116,116,116,116,116,117,117,117,117,118,118,119,119,119,120,120,121,121,121,122,122,123,123,123,124,124,124,124,125,125,126,126,127,128,129,130,131,134,138,142,148,155,165,174,183,190,195,200,205,206,207,205,204,0,0,0,0,0,0,0,0,0,0,0,0,0,0,0,0,0,0,0
265,0,0,0,0,0,0,0,0,0,69,171,173,173,169,165,161,156,150,144,139,133,128,125,122,120,119,117,117,117,117,117,117,117,117,117,118,118,119,119,119,120,120,121,121,121,122,122,123,123,123,123,124,124,125,125,125,126,126,126,127,128,128,130,131,133,136,139,144,151,158,167,177,185,192,197,202,206,206,207,205,197,0,0,0,0,0,0,0,0,0,0,0,0,0,0,0,0,0,0,0
266,0,0,0,0,0,0,0,0,0,69,171,173,173,171,167,162,157,152,146,141,135,130,126,124,122,119,119,118,118,118,118,118,118,118,118,119,119,119,120,120,121,121,121,122,122,122,123,123,124,124,124,125,125,125,126,126,126,127,127,128,129,130,131,133,134,137,141,146,153,161,170,179,186,193,198,203,206,207,207,205,43,0,0,0,0,0,0,0,0,0,0,0,0,0,0,0,0,0,0,0
267,0,0,0,0,0,0,0,0,0,0,171,174,175,173,168,164,160,155,150,143,138,133,129,125,123,121,120,119,119,119,119,119,119,119,120,120,120,120,121,121,122,122,123,123,123,124,124,124,125,125,125,126,126,126,127,127,127,128,129,129,130,131,132,133,136,139,143,150,156,164,174,181,188,194,199,205,207,207,207,206,42,0,0,0,0,0,0,0,0,0,0,0,0,0,0,0,0,0,0,0
268,0,0,0,0,0,0,0,0,0,0,171,174,176,174,170,166,162,157,152,147,140,135,130,127,124,123,122,121,120,120,120,120,120,120,121,121,121,121,122,122,123,123,124,124,124,125,125,125,126,126,126,127,127,127,128,128,129,129,129,130,131,133,134,135,137,141,145,152,159,167,176,183,190,196,201,206,208,208,207,204,10,0,0,0,0,0,0,0,0,0,0,0,0,0,0,0,0,0,0,0
269,0,0,0,0,0,0,0,0,0,0,109,175,177,176,173,170,165,160,155,149,143,137,133,129,126,124,123,122,121,121,121,121,121,121,121,121,122,122,122,123,124,124,124,125,125,126,126,126,126,127,127,127,128,128,129,129,129,130,130,131,132,133,135,137,139,143,148,154,162,171,179,185,192,197,201,206,209,208,208,200,0,0,0,0,0,0,0,0,0,0,0,0,0,0,0,0,0,0,0,0
270,0,0,0,0,0,0,0,0,0,0,33,175,177,178,175,172,167,163,158,152,146,141,136,131,128,126,124,123,123,122,122,122,122,122,122,123,123,123,124,124,124,125,126,126,126,127,127,127,128,128,128,128,129,129,129,130,130,131,132,132,133,135,136,138,142,145,151,157,165,174,182,188,194,199,202,207,210,209,208,0,0,0,0,0,0,0,0,0,0,0,0,0,0,0,0,0,0,0,0,0
271,0,0,0,0,0,0,0,0,0,0,33,175,177,179,177,175,170,166,161,155,149,144,139,134,130,128,126,125,124,124,123,123,123,123,123,124,124,124,125,125,126,126,127,127,128,128,128,128,129,129,129,130,130,130,131,131,132,132,133,134,135,136,138,141,143,148,154,160,169,177,185,190,195,201,205,209,210,209,207,0,0,0,0,0,0,0,0,0,0,0,0,0,0,0,0,0,0,0,0,0
272,0,0,0,0,0,0,0,0,0,0,0,170,178,180,179,177,173,169,164,158,153,147,142,137,134,130,128,127,125,124,124,124,124,124,124,124,125,125,125,126,126,127,128,128,128,128,129,129,129,130,130,131,131,131,131,132,132,133,134,135,136,137,140,143,146,151,157,164,172,180,187,192,197,202,207,210,210,208,179,0,0,0,0,0,0,0,0,0,0,0,0,0,0,0,0,0,0,0,0,0
273,0,0,0,0,0,0,0,0,0,0,0,124,179,182,181,179,177,172,167,162,156,151,145,140,136,133,130,129,128,126,126,126,126,126,126,126,126,126,127,127,128,128,128,129,129,130,130,130,130,131,131,131,132,132,133,133,134,135,135,136,137,139,142,145,148,154,160,168,176,184,189,194,200,204,208,211,211,209,116,0,0,0,0,0,0,0,0,0,0,0,0,0,0,0,0,0,0,0,0,0
274,0,0,0,0,0,0,0,0,0,0,0,0,179,183,184,182,180,175,172,166,160,155,148,143,140,136,133,131,130,129,127,127,127,127,127,127,127,128,128,128,129,129,130,130,130,131,131,131,132,132,132,133,133,134,134,134,135,136,136,137,139,141,144,147,152,157,164,172,180,187,192,197,202,207,210,212,211,209,0,0,0,0,0,0,0,0,0,0,0,0,0,0,0,0,0,0,0,0,0,0
275,0,0,0,0,0,0,0,0,0,0,0,0,136,184,185,184,182,179,175,171,164,159,153,147,143,139,135,133,132,130,129,129,129,129,129,129,129,129,129,129,130,130,131,131,131,132,132,133,133,133,133,133,134,135,135,136,137,137,138,139,141,143,146,150,155,161,168,176,184,190,195,200,204,208,212,212,211,142,0,0,0,0,0,0,0,0,0,0,0,0,0,0,0,0,0,0,0,0,0,0
276,0,0,0,0,0,0,0,0,0,0,0,0,82,184,187,186,185,182,179,174,169,163,157,152,146,142,138,135,134,132,132,130,130,129,129,129,130,130,130,131,131,131,131,132,132,133,133,133,134,134,134,135,135,136,136,137,137,138,140,141,143,145,149,153,159,165,172,180,187,192,198,202,206,210,213,212,211,67,0,0,0,0,0,0,0,0,0,0,0,0,0,0,0,0,0,0,0,0,0,0
277,0,0,0,0,0,0,0,0,0,0,0,0,0,176,189,189,188,186,182,179,174,168,162,156,151,145,142,139,137,135,133,132,132,131,131,131,131,131,132,132,132,132,133,133,133,134,134,134,135,135,136,136,137,137,137,138,139,140,142,143,145,148,152,157,162,171,177,185,191,196,200,205,209,212,214,212,196,0,0,0,0,0,0,0,0,0,0,0,0,0,0,0,0,0,0,0,0,0,0,0
278,0,0,0,0,0,0,0,0,0,0,0,0,0,99,189,191,191,189,186,182,178,173,168,161,156,150,145,143,139,138,136,134,134,133,133,133,133,133,133,133,134,134,134,135,135,135,136,136,136,137,137,138,138,138,139,140,141,142,144,146,149,151,157,162,167,175,182,188,194,199,204,207,211,214,214,212,69,0,0,0,0,0,0,0,0,0,0,0,0,0,0,0,0,0,0,0,0,0,0,0
279,0,0,0,0,0,0,0,0,0,0,0,0,0,0,190,193,193,192,190,187,183,178,173,167,161,155,150,146,143,140,139,137,136,135,134,134,134,134,134,134,134,135,135,135,136,136,136,137,137,138,138,139,139,140,141,142,142,145,147,149,151,156,161,167,173,180,186,193,197,201,206,210,214,215,214,208,0,0,0,0,0,0,0,0,0,0,0,0,0,0,0,0,0,0,0,0,0,0,0,0
280,0,0,0,0,0,0,0,0,0,0,0,0,0,0,59,194,195,194,193,191,187,183,178,173,167,161,156,151,147,143,142,140,139,137,136,136,136,136,136,136,136,136,137,137,137,138,138,138,139,139,140,140,141,142,143,144,145,147,150,152,155,160,166,172,178,184,191,196,201,205,208,213,216,215,214,23,0,0,0,0,0,0,0,0,0,0,0,0,0,0,0,0,0,0,0,0,0,0,0,0
281,0,0,0,0,0,0,0,0,0,0,0,0,0,0,4,195,198,197,196,195,192,188,183,179,173,167,162,157,152,148,145,143,142,141,139,138,138,138,138,138,138,138,139,139,139,139,140,140,141,141,142,142,143,143,145,146,148,150,153,156,160,166,171,177,183,189,195,200,205,208,212,215,216,215,192,2,0,0,0,0,0,0,0,0,0,0,0,0,0,0,0,0,0,0,0,0,0,0,0,0
282,0,0,0,0,0,0,0,0,0,0,0,0,0,0,0,83,198,199,199,197,196,193,189,184,179,174,168,162,157,153,150,147,145,143,142,141,141,140,140,140,140,140,141,141,141,141,141,141,142,143,143,145,145,146,147,149,151,153,156,160,165,171,177,182,189,194,199,203,208,212,214,217,216,214,65,0,0,0,0,0,0,0,0,0,0,0,0,0,0,0,0,0,0,0,0,0,0,0,0,0
283,0,0,0,0,0,0,0,0,0,0,0,0,0,0,0,12,190,201,201,200,199,197,193,189,186,181,175,169,164,159,154,152,149,147,145,144,143,142,142,142,142,142,142,142,143,143,143,144,145,145,145,146,148,149,151,152,155,157,161,166,171,177,182,187,194,199,204,208,211,214,217,217,217,185,0,0,0,0,0,0,0,0,0,0,0,0,0,0,0,0,0,0,0,0,0,0,0,0,0,0
284,0,0,0,0,0,0,0,0,0,0,0,0,0,0,0,0,0,201,203,203,202,201,199,195,191,186,181,176,171,166,161,157,154,152,150,148,147,146,145,145,145,145,145,145,145,146,146,147,147,148,148,149,151,153,154,156,159,162,167,171,177,182,187,193,198,203,208,211,215,217,218,218,212,0,0,0,0,0,0,0,0,0,0,0,0,0,0,0,0,0,0,0,0,0,0,0,0,0,0,0
285,0,0,0,0,0,0,0,0,0,0,0,0,0,0,0,0,0,149,204,205,205,204,203,200,197,192,188,183,178,174,169,164,160,157,155,154,151,150,149,149,148,148,148,148,148,148,149,150,150,151,152,153,154,156,158,161,164,169,174,178,183,188,193,199,203,207,211,215,217,219,219,219,120,0,0,0,0,0,0,0,0,0,0,0,0,0,0,0,0,0,0,0,0,0,0,0,0,0,0,0
286,0,0,0,0,0,0,0,0,0,0,0,0,0,0,0,0,0,0,205,206,207,207,206,204,202,198,194,189,185,181,177,172,168,165,161,159,157,156,155,154,153,153,152,152,152,152,153,153,154,155,156,158,160,162,165,168,171,175,180,185,189,194,199,204,208,212,215,218,219,219,219,206,0,0,0,0,0,0,0,0,0,0,0,0,0,0,0,0,0,0,0,0,0,0,0,0,0,0,0,0
287,0,0,0,0,0,0,0,0,0,0,0,0,0,0,0,0,0,0,74,207,208,209,209,209,206,203,199,195,192,188,184,180,176,172,170,166,164,162,161,160,159,158,158,158,158,158,158,158,160,161,161,163,165,168,171,174,178,182,187,191,196,200,205,208,212,215,218,219,220,220,213,39,0,0,0,0,0,0,0,0,0,0,0,0,0,0,0,0,0,0,0,0,0,0,0,0,0,0,0,0
288,0,0,0,0,0,0,0,0,0,0,0,0,0,0,0,0,0,0,0,64,209,211,211,211,210,208,204,201,199,195,192,188,184,180,178,175,172,170,168,167,166,165,164,164,164,164,164,165,166,167,168,171,173,175,179,183,186,190,194,198,202,205,209,213,216,219,220,220,221,215,27,0,0,0,0,0,0,0,0,0,0,0,0,0,0,0,0,0,0,0,0,0,0,0,0,0,0,0,0,0
289,0,0,0,0,0,0,0,0,0,0,0,0,0,0,0,0,0,0,0,0,87,211,212,213,213,212,210,207,205,202,199,195,191,188,186,184,181,179,177,176,175,174,173,173,172,172,172,172,173,174,176,179,181,184,188,191,194,197,199,204,207,210,214,217,219,220,221,221,215,67,0,0,0,0,0,0,0,0,0,0,0,0,0,0,0,0,0,0,0,0,0,0,0,0,0,0,0,0,0,0
290,0,0,0,0,0,0,0,0,0,0,0,0,0,0,0,0,0,0,0,0,0,116,213,214,215,214,214,213,211,209,205,202,199,196,194,192,190,188,186,184,184,182,182,181,181,181,181,181,182,183,186,188,189,193,195,197,200,204,206,210,213,216,219,220,221,222,222,216,83,0,0,0,0,0,0,0,0,0,0,0,0,0,0,0,0,0,0,0,0,0,0,0,0,0,0,0,0,0,0,0
291,0,0,0,0,0,0,0,0,0,0,0,0,0,0,0,0,0,0,0,0,0,0,118,215,216,217,217,216,215,213,211,210,207,205,202,200,198,196,195,193,192,191,191,190,190,190,190,191,191,193,194,196,198,200,202,204,207,211,212,215,217,220,222,222,222,223,215,72,0,0,0,0,0,0,0,0,0,0,0,0,0,0,0,0,0,0,0,0,0,0,0,0,0,0,0,0,0,0,0,0
292,0,0,0,0,0,0,0,0,0,0,0,0,0,0,0,0,0,0,0,0,0,0,0,65,216,218,219,219,218,217,216,215,214,212,209,207,205,204,203,202,201,200,199,199,198,198,199,199,199,200,202,204,205,207,209,211,214,216,218,219,222,223,223,224,223,199,8,0,0,0,0,0,0,0,0,0,0,0,0,0,0,0,0,0,0,0,0,0,0,0,0,0,0,0,0,0,0,0,0,0
293,0,0,0,0,0,0,0,0,0,0,0,0,0,0,0,0,0,0,0,0,0,0,0,0,14,129,218,219,220,220,220,219,218,217,216,214,213,211,210,209,208,207,207,207,207,207,207,207,208,209,210,211,212,214,216,217,218,220,222,224,224,224,225,220,126,0,0,0,0,0,0,0,0,0,0,0,0,0,0,0,0,0,0,0,0,0,0,0,0,0,0,0,0,0,0,0,0,0,0,0
294,0,0,0,0,0,0,0,0,0,0,0,0,0,0,0,0,0,0,0,0,0,0,0,0,0,0,130,206,220,222,223,223,223,222,221,221,220,218,217,216,215,215,214,214,214,214,214,214,215,215,216,216,218,220,221,221,223,225,225,225,226,225,198,85,0,0,0,0,0,0,0,0,0,0,0,0,0,0,0,0,0,0,0,0,0,0,0,0,0,0,0,0,0,0,0,0,0,0,0,0
295,0,0,0,0,0,0,0,0,0,0,0,0,0,0,0,0,0,0,0,0,0,0,0,0,0,0,0,18,81,223,223,224,224,225,225,224,224,223,223,222,222,221,221,220,220,220,220,220,220,221,222,222,223,224,225,226,226,226,227,226,218,44,9,0,0,0,0,0,0,0,0,0,0,0,0,0,0,0,0,0,0,0,0,0,0,0,0,0,0,0,0,0,0,0,0,0,0,0,0,0
296,0,0,0,0,0,0,0,0,0,0,0,0,0,0,0,0,0,0,0,0,0,0,0,0,0,0,0,0,0,1,105,217,225,225,225,226,226,226,226,226,226,226,226,226,225,225,225,225,226,226,226,226,227,227,227,227,227,224,218,102,0,0,0,0,0,0,0,0,0,0,0,0,0,0,0,0,0,0,0,0,0,0,0,0,0,0,0,0,0,0,0,0,0,0,0,0,0,0,0,0
297,0,0,0,0,0,0,0,0,0,0,0,0,0,0,0,0,0,0,0,0,0,0,0,0,0,0,0,0,0,0,0,0,56,172,222,225,227,228,228,229,228,228,228,228,228,228,228,228,228,228,229,229,229,229,227,223,165,24,0,0,0,0,0,0,0,0,0,0,0,0,0,0,0,0,0,0,0,0,0,0,0,0,0,0,0,0,0,0,0,0,0,0,0,0,0,0,0,0,0,0
298,0,0,0,0,0,0,0,0,0,0,0,0,0,0,0,0,0,0,0,0,0,0,0,0,0,0,0,0,0,0,0,0,0,2,12,142,210,216,222,228,229,229,230,230,230,229,229,229,229,229,229,223,218,212,13,13,0,0,0,0,0,0,0,0,0,0,0,0,0,0,0,0,0,0,0,0,0,0,0,0,0,0,0,0,0,0,0,0,0,0,0,0,0,0,0,0,0,0,0,0
299,0,0,0,0,0,0,0,0,0,0,0,0,0,0,0,0,0,0,0,0,0,0,0,0,0,0,0,0,0,0,0,0,0,0,0,0,0,0,72,74,76,78,78,79,79,79,78,78,77,76,75,61,0,0,0,0,0,0,0,0,0,0,0,0,0,0,0,0,0,0,0,0,0,0,0,0,0,0,0,0,0,0,0,0,0,0,0,0,0,0,0,0,0,0,0,0,0,0,0,0
